<?xml version="1.0" encoding="UTF-8" ?>
			<!-- This is a WordPress eXtended RSS file generated by WordPress as an export of your site. -->
			<!-- It contains information about your site's posts, pages, comments, categories, and other content. -->
			<!-- You may use this file to transfer that content from one site to another. -->
			<!-- This file is not intended to serve as a complete backup of your site. -->
			
			<!-- To import this information into a WordPress site follow these steps: -->
			<!-- 1. Log in to that site as an administrator. -->
			<!-- 2. Go to Tools: Import in the WordPress admin panel. -->
			<!-- 3. Install the "WordPress" importer from the list. -->
			<!-- 4. Activate & Run Importer. -->
			<!-- 5. Upload this file using the form provided on that page. -->
			<!-- 6. You will first be asked to map the authors in this export file to users -->
			<!--    on the site. For each author, you may choose to map to an -->
			<!--    existing user on the site or to create a new user. -->
			<!-- 7. WordPress will then import each of the posts, pages, comments, categories, etc. -->
			<!--    contained in this file into your site. -->
			
			<!-- generator="WordPress/4.1.1" created="2015-04-21 14:08" -->
			<rss version="2.0"
				xmlns:excerpt="http://wordpress.org/export/1.2/excerpt/"
				xmlns:content="http://purl.org/rss/1.0/modules/content/"
				xmlns:wfw="http://wellformedweb.org/CommentAPI/"
				xmlns:dc="http://purl.org/dc/elements/1.1/"
				xmlns:wp="http://wordpress.org/export/1.2/"
			>
			
			<channel>
				<title>Travelo &#124; Responsive Wordpress Theme</title>
				<link>http://local.travelotest.com</link>
				<description>Just another WordPress site</description>
				<pubDate>Tue, 21 Apr 2015 14:08:54 +0000</pubDate>
				<language>en-US</language>
				<wp:wxr_version>1.2</wp:wxr_version>
				<wp:base_site_url>http://local.travelotest.com</wp:base_site_url>
				<wp:base_blog_url>http://local.travelotest.com</wp:base_blog_url>
							<wp:category><wp:term_id>2</wp:term_id><wp:category_nicename>news</wp:category_nicename><wp:category_parent></wp:category_parent><wp:cat_name><![CDATA[News]]></wp:cat_name></wp:category>
							<wp:category><wp:term_id>1</wp:term_id><wp:category_nicename>uncategorized</wp:category_nicename><wp:category_parent></wp:category_parent><wp:cat_name><![CDATA[Uncategorized]]></wp:cat_name></wp:category>
										<wp:tag><wp:term_id>3</wp:term_id><wp:tag_slug>adventure</wp:tag_slug><wp:tag_name><![CDATA[Adventure]]></wp:tag_name></wp:tag>
							<wp:tag><wp:term_id>4</wp:term_id><wp:tag_slug>romance</wp:tag_slug><wp:tag_name><![CDATA[Romance]]></wp:tag_name></wp:tag>
										<wp:term><wp:term_id>5</wp:term_id><wp:term_taxonomy>tour_type</wp:term_taxonomy><wp:term_slug>adventure</wp:term_slug><wp:term_parent></wp:term_parent><wp:term_name><![CDATA[Adventure]]></wp:term_name></wp:term>
							<wp:term><wp:term_id>6</wp:term_id><wp:term_taxonomy>amenity</wp:term_taxonomy><wp:term_slug>air-conditioning</wp:term_slug><wp:term_parent></wp:term_parent><wp:term_name><![CDATA[AIR CONDITIONING]]></wp:term_name></wp:term>
							<wp:term><wp:term_id>7</wp:term_id><wp:term_taxonomy>accommodation_type</wp:term_taxonomy><wp:term_slug>apartment</wp:term_slug><wp:term_parent></wp:term_parent><wp:term_name><![CDATA[Apartment]]></wp:term_name></wp:term>
							<wp:term><wp:term_id>8</wp:term_id><wp:term_taxonomy>location</wp:term_taxonomy><wp:term_slug>canada</wp:term_slug><wp:term_parent></wp:term_parent><wp:term_name><![CDATA[Canada]]></wp:term_name></wp:term>
							<wp:term><wp:term_id>9</wp:term_id><wp:term_taxonomy>tour_type</wp:term_taxonomy><wp:term_slug>city-tour</wp:term_slug><wp:term_parent></wp:term_parent><wp:term_name><![CDATA[City Tour]]></wp:term_name></wp:term>
							<wp:term><wp:term_id>10</wp:term_id><wp:term_taxonomy>amenity</wp:term_taxonomy><wp:term_slug>coffee</wp:term_slug><wp:term_parent></wp:term_parent><wp:term_name><![CDATA[COFFEE]]></wp:term_name></wp:term>
							<wp:term><wp:term_id>11</wp:term_id><wp:term_taxonomy>amenity</wp:term_taxonomy><wp:term_slug>complimentary-breakfast</wp:term_slug><wp:term_parent></wp:term_parent><wp:term_name><![CDATA[COMPLIMENTARY BREAKFAST]]></wp:term_name></wp:term>
							<wp:term><wp:term_id>12</wp:term_id><wp:term_taxonomy>amenity</wp:term_taxonomy><wp:term_slug>conference-room</wp:term_slug><wp:term_parent></wp:term_parent><wp:term_name><![CDATA[CONFERENCE ROOM]]></wp:term_name></wp:term>
							<wp:term><wp:term_id>13</wp:term_id><wp:term_taxonomy>tour_type</wp:term_taxonomy><wp:term_slug>cultural</wp:term_slug><wp:term_parent></wp:term_parent><wp:term_name><![CDATA[Cultural]]></wp:term_name></wp:term>
							<wp:term><wp:term_id>14</wp:term_id><wp:term_taxonomy>amenity</wp:term_taxonomy><wp:term_slug>doorman</wp:term_slug><wp:term_parent></wp:term_parent><wp:term_name><![CDATA[DOORMAN]]></wp:term_name></wp:term>
							<wp:term><wp:term_id>15</wp:term_id><wp:term_taxonomy>amenity</wp:term_taxonomy><wp:term_slug>elevator-in-building</wp:term_slug><wp:term_parent></wp:term_parent><wp:term_name><![CDATA[ELEVATOR IN BUILDING]]></wp:term_name></wp:term>
							<wp:term><wp:term_id>16</wp:term_id><wp:term_taxonomy>amenity</wp:term_taxonomy><wp:term_slug>entertainment</wp:term_slug><wp:term_parent></wp:term_parent><wp:term_name><![CDATA[ENTERTAINMENT]]></wp:term_name></wp:term>
							<wp:term><wp:term_id>17</wp:term_id><wp:term_taxonomy>tour_type</wp:term_taxonomy><wp:term_slug>family</wp:term_slug><wp:term_parent></wp:term_parent><wp:term_name><![CDATA[Family]]></wp:term_name></wp:term>
							<wp:term><wp:term_id>18</wp:term_id><wp:term_taxonomy>amenity</wp:term_taxonomy><wp:term_slug>fire-place</wp:term_slug><wp:term_parent></wp:term_parent><wp:term_name><![CDATA[FIRE PLACE]]></wp:term_name></wp:term>
							<wp:term><wp:term_id>19</wp:term_id><wp:term_taxonomy>amenity</wp:term_taxonomy><wp:term_slug>fitness-facility</wp:term_slug><wp:term_parent></wp:term_parent><wp:term_name><![CDATA[FITNESS FACILITY]]></wp:term_name></wp:term>
							<wp:term><wp:term_id>20</wp:term_id><wp:term_taxonomy>location</wp:term_taxonomy><wp:term_slug>france</wp:term_slug><wp:term_parent></wp:term_parent><wp:term_name><![CDATA[France]]></wp:term_name></wp:term>
							<wp:term><wp:term_id>21</wp:term_id><wp:term_taxonomy>amenity</wp:term_taxonomy><wp:term_slug>free-parking</wp:term_slug><wp:term_parent></wp:term_parent><wp:term_name><![CDATA[FREE PARKING]]></wp:term_name></wp:term>
							<wp:term><wp:term_id>22</wp:term_id><wp:term_taxonomy>amenity</wp:term_taxonomy><wp:term_slug>fridge</wp:term_slug><wp:term_parent></wp:term_parent><wp:term_name><![CDATA[FRIDGE]]></wp:term_name></wp:term>
							<wp:term><wp:term_id>23</wp:term_id><wp:term_taxonomy>amenity</wp:term_taxonomy><wp:term_slug>handicap-accessible</wp:term_slug><wp:term_parent></wp:term_parent><wp:term_name><![CDATA[HANDICAP ACCESSIBLE]]></wp:term_name></wp:term>
							<wp:term><wp:term_id>24</wp:term_id><wp:term_taxonomy>tour_type</wp:term_taxonomy><wp:term_slug>honeymoon</wp:term_slug><wp:term_parent></wp:term_parent><wp:term_name><![CDATA[Honeymoon]]></wp:term_name></wp:term>
							<wp:term><wp:term_id>25</wp:term_id><wp:term_taxonomy>accommodation_type</wp:term_taxonomy><wp:term_slug>hostel</wp:term_slug><wp:term_parent></wp:term_parent><wp:term_name><![CDATA[Hostel]]></wp:term_name></wp:term>
							<wp:term><wp:term_id>26</wp:term_id><wp:term_taxonomy>amenity</wp:term_taxonomy><wp:term_slug>hot-tub</wp:term_slug><wp:term_parent></wp:term_parent><wp:term_name><![CDATA[HOT TUB]]></wp:term_name></wp:term>
							<wp:term><wp:term_id>27</wp:term_id><wp:term_taxonomy>accommodation_type</wp:term_taxonomy><wp:term_slug>hotel</wp:term_slug><wp:term_parent></wp:term_parent><wp:term_name><![CDATA[Hotel]]></wp:term_name></wp:term>
							<wp:term><wp:term_id>28</wp:term_id><wp:term_taxonomy>location</wp:term_taxonomy><wp:term_slug>italia</wp:term_slug><wp:term_parent></wp:term_parent><wp:term_name><![CDATA[Italia]]></wp:term_name></wp:term>
							<wp:term><wp:term_id>29</wp:term_id><wp:term_taxonomy>location</wp:term_taxonomy><wp:term_slug>paris</wp:term_slug><wp:term_parent>france</wp:term_parent><wp:term_name><![CDATA[Paris]]></wp:term_name></wp:term>
							<wp:term><wp:term_id>30</wp:term_id><wp:term_taxonomy>amenity</wp:term_taxonomy><wp:term_slug>pets-allowed</wp:term_slug><wp:term_parent></wp:term_parent><wp:term_name><![CDATA[PETS ALLOWED]]></wp:term_name></wp:term>
							<wp:term><wp:term_id>31</wp:term_id><wp:term_taxonomy>amenity</wp:term_taxonomy><wp:term_slug>pick-and-drop</wp:term_slug><wp:term_parent></wp:term_parent><wp:term_name><![CDATA[PICK AND DROP]]></wp:term_name></wp:term>
							<wp:term><wp:term_id>32</wp:term_id><wp:term_taxonomy>amenity</wp:term_taxonomy><wp:term_slug>play-place</wp:term_slug><wp:term_parent></wp:term_parent><wp:term_name><![CDATA[PLAY PLACE]]></wp:term_name></wp:term>
							<wp:term><wp:term_id>33</wp:term_id><wp:term_taxonomy>location</wp:term_taxonomy><wp:term_slug>portugal</wp:term_slug><wp:term_parent></wp:term_parent><wp:term_name><![CDATA[Portugal]]></wp:term_name></wp:term>
							<wp:term><wp:term_id>34</wp:term_id><wp:term_taxonomy>location</wp:term_taxonomy><wp:term_slug>rome</wp:term_slug><wp:term_parent>italia</wp:term_parent><wp:term_name><![CDATA[Rome]]></wp:term_name></wp:term>
							<wp:term><wp:term_id>35</wp:term_id><wp:term_taxonomy>amenity</wp:term_taxonomy><wp:term_slug>room-service</wp:term_slug><wp:term_parent></wp:term_parent><wp:term_name><![CDATA[ROOM SERVICE]]></wp:term_name></wp:term>
							<wp:term><wp:term_id>36</wp:term_id><wp:term_taxonomy>amenity</wp:term_taxonomy><wp:term_slug>secure-vault</wp:term_slug><wp:term_parent></wp:term_parent><wp:term_name><![CDATA[SECURE VAULT]]></wp:term_name></wp:term>
							<wp:term><wp:term_id>37</wp:term_id><wp:term_taxonomy>amenity</wp:term_taxonomy><wp:term_slug>smoking-allowed</wp:term_slug><wp:term_parent></wp:term_parent><wp:term_name><![CDATA[SMOKING ALLOWED]]></wp:term_name></wp:term>
							<wp:term><wp:term_id>38</wp:term_id><wp:term_taxonomy>amenity</wp:term_taxonomy><wp:term_slug>suitable-for-events</wp:term_slug><wp:term_parent></wp:term_parent><wp:term_name><![CDATA[SUITABLE FOR EVENTS]]></wp:term_name></wp:term>
							<wp:term><wp:term_id>39</wp:term_id><wp:term_taxonomy>amenity</wp:term_taxonomy><wp:term_slug>swimming-pool</wp:term_slug><wp:term_parent></wp:term_parent><wp:term_name><![CDATA[SWIMMING POOL]]></wp:term_name></wp:term>
							<wp:term><wp:term_id>40</wp:term_id><wp:term_taxonomy>amenity</wp:term_taxonomy><wp:term_slug>television</wp:term_slug><wp:term_parent></wp:term_parent><wp:term_name><![CDATA[TELEVISION]]></wp:term_name></wp:term>
							<wp:term><wp:term_id>41</wp:term_id><wp:term_taxonomy>location</wp:term_taxonomy><wp:term_slug>us</wp:term_slug><wp:term_parent></wp:term_parent><wp:term_name><![CDATA[United States]]></wp:term_name></wp:term>
							<wp:term><wp:term_id>42</wp:term_id><wp:term_taxonomy>amenity</wp:term_taxonomy><wp:term_slug>wine-bar</wp:term_slug><wp:term_parent></wp:term_parent><wp:term_name><![CDATA[WINE BAR]]></wp:term_name></wp:term>
							<wp:term><wp:term_id>43</wp:term_id><wp:term_taxonomy>amenity</wp:term_taxonomy><wp:term_slug>wi_fi</wp:term_slug><wp:term_parent></wp:term_parent><wp:term_name><![CDATA[WI_FI]]></wp:term_name></wp:term>
							<wp:term><wp:term_id>44</wp:term_id><wp:term_taxonomy>location</wp:term_taxonomy><wp:term_slug>albufeira</wp:term_slug><wp:term_parent>portugal</wp:term_parent><wp:term_name><![CDATA[Albufeira]]></wp:term_name></wp:term>
							<wp:term><wp:term_id>45</wp:term_id><wp:term_taxonomy>location</wp:term_taxonomy><wp:term_slug>bordeaux</wp:term_slug><wp:term_parent>france</wp:term_parent><wp:term_name><![CDATA[Bordeaux]]></wp:term_name></wp:term>
							<wp:term><wp:term_id>46</wp:term_id><wp:term_taxonomy>location</wp:term_taxonomy><wp:term_slug>cannes</wp:term_slug><wp:term_parent>france</wp:term_parent><wp:term_name><![CDATA[Cannes]]></wp:term_name></wp:term>
							<wp:term><wp:term_id>47</wp:term_id><wp:term_taxonomy>location</wp:term_taxonomy><wp:term_slug>chamonix</wp:term_slug><wp:term_parent>france</wp:term_parent><wp:term_name><![CDATA[Chamonix]]></wp:term_name></wp:term>
							<wp:term><wp:term_id>48</wp:term_id><wp:term_taxonomy>location</wp:term_taxonomy><wp:term_slug>lasvegas</wp:term_slug><wp:term_parent>us</wp:term_parent><wp:term_name><![CDATA[Las Vegas]]></wp:term_name></wp:term>
							<wp:term><wp:term_id>49</wp:term_id><wp:term_taxonomy>location</wp:term_taxonomy><wp:term_slug>san-francisco</wp:term_slug><wp:term_parent>us</wp:term_parent><wp:term_name><![CDATA[San Francisco]]></wp:term_name></wp:term>
						<generator>http://wordpress.org/?v=4.1.1</generator>
			</channel>
			</rss>