<?xml version="1.0" encoding="UTF-8" ?>
<!-- This is a WordPress eXtended RSS file generated by WordPress as an export of your site. -->
<!-- It contains information about your site's posts, pages, comments, categories, and other content. -->
<!-- You may use this file to transfer that content from one site to another. -->
<!-- This file is not intended to serve as a complete backup of your site. -->

<!-- To import this information into a WordPress site follow these steps: -->
<!-- 1. Log in to that site as an administrator. -->
<!-- 2. Go to Tools: Import in the WordPress admin panel. -->
<!-- 3. Install the "WordPress" importer from the list. -->
<!-- 4. Activate & Run Importer. -->
<!-- 5. Upload this file using the form provided on that page. -->
<!-- 6. You will first be asked to map the authors in this export file to users -->
<!--    on the site. For each author, you may choose to map to an -->
<!--    existing user on the site or to create a new user. -->
<!-- 7. WordPress will then import each of the posts, pages, comments, categories, etc. -->
<!--    contained in this file into your site. -->

<!-- generator="WordPress/4.3.3" created="2016-03-23 13:33" -->
<rss version="2.0"
	xmlns:excerpt="http://wordpress.org/export/1.2/excerpt/"
	xmlns:content="http://purl.org/rss/1.0/modules/content/"
	xmlns:wfw="http://wellformedweb.org/CommentAPI/"
	xmlns:dc="http://purl.org/dc/elements/1.1/"
	xmlns:wp="http://wordpress.org/export/1.2/"
>

<channel>
	<title>Travelo - Travel/Tour Booking WordPress Theme</title>
	<link>http://www.soaptheme.net/wordpress/travelo</link>
	<description>Just another WordPress site</description>
	<pubDate>Wed, 23 Mar 2016 13:33:28 +0000</pubDate>
	<language>en-US</language>
	<wp:wxr_version>1.2</wp:wxr_version>
	<wp:base_site_url>http://www.soaptheme.net/wordpress/travelo</wp:base_site_url>
	<wp:base_blog_url>http://www.soaptheme.net/wordpress/travelo</wp:base_blog_url>

	<wp:author><wp:author_id>1</wp:author_id><wp:author_login>admin</wp:author_login><wp:author_email>soaptheme@gmail.com</wp:author_email><wp:author_display_name><![CDATA[admin]]></wp:author_display_name><wp:author_first_name><![CDATA[egor]]></wp:author_first_name><wp:author_last_name><![CDATA[putin]]></wp:author_last_name></wp:author>


	<generator>http://wordpress.org/?v=4.3.3</generator>

	<item>
		<title>Crazy Horse Cabaret Show</title>
		<link>http://www.soaptheme.net/wordpress/travelo/things-to-do/crazy-horse-cabaret-show/</link>
		<pubDate>Sat, 01 Nov 2014 14:41:33 +0000</pubDate>
		<dc:creator><![CDATA[admin]]></dc:creator>
		<guid isPermaLink="false">http://www.soaptheme.net/wordpress/travelo/?post_type=things_to_do&#038;p=61</guid>
		<description></description>
		<content:encoded><![CDATA[Lorem ipsum dolor sit amet, consectetuer adipiscing elit, sed diam nonummy nibh euismod tincidunt ut laoreet dolore magna aliquam erat volutpat wisi enim don't look even slightly believable.]]></content:encoded>
		<excerpt:encoded><![CDATA[]]></excerpt:encoded>
		<wp:post_id>61</wp:post_id>
		<wp:post_date>2014-11-01 14:41:33</wp:post_date>
		<wp:post_date_gmt>2014-11-01 14:41:33</wp:post_date_gmt>
		<wp:comment_status>closed</wp:comment_status>
		<wp:ping_status>closed</wp:ping_status>
		<wp:post_name>crazy-horse-cabaret-show</wp:post_name>
		<wp:status>publish</wp:status>
		<wp:post_parent>0</wp:post_parent>
		<wp:menu_order>0</wp:menu_order>
		<wp:post_type>things_to_do</wp:post_type>
		<wp:post_password></wp:post_password>
		<wp:is_sticky>0</wp:is_sticky>
		<category domain="location" nicename="paris"><![CDATA[Paris]]></category>
		<wp:postmeta>
			<wp:meta_key>_edit_last</wp:meta_key>
			<wp:meta_value><![CDATA[1]]></wp:meta_value>
		</wp:postmeta>
		<wp:postmeta>
			<wp:meta_key>slide_template</wp:meta_key>
			<wp:meta_value><![CDATA[]]></wp:meta_value>
		</wp:postmeta>
		<wp:postmeta>
			<wp:meta_key>trav_ttd_media_type</wp:meta_key>
			<wp:meta_value><![CDATA[sld]]></wp:meta_value>
		</wp:postmeta>
		<wp:postmeta>
			<wp:meta_key>trav_ttd_gallery_type</wp:meta_key>
			<wp:meta_value><![CDATA[sld_2]]></wp:meta_value>
		</wp:postmeta>
		<wp:postmeta>
			<wp:meta_key>trav_count_post_views</wp:meta_key>
			<wp:meta_value><![CDATA[3028]]></wp:meta_value>
		</wp:postmeta>
		<wp:postmeta>
			<wp:meta_key>trav_ttd_video_width</wp:meta_key>
			<wp:meta_value><![CDATA[0]]></wp:meta_value>
		</wp:postmeta>
		<wp:postmeta>
			<wp:meta_key>trav_post_video_width</wp:meta_key>
			<wp:meta_value><![CDATA[0]]></wp:meta_value>
		</wp:postmeta>
		<wp:postmeta>
			<wp:meta_key>_thumbnail_id</wp:meta_key>
			<wp:meta_value><![CDATA[315]]></wp:meta_value>
		</wp:postmeta>
		<wp:postmeta>
			<wp:meta_key>trav_gallery_imgs</wp:meta_key>
			<wp:meta_value><![CDATA[334]]></wp:meta_value>
		</wp:postmeta>
		<wp:postmeta>
			<wp:meta_key>trav_gallery_imgs</wp:meta_key>
			<wp:meta_value><![CDATA[333]]></wp:meta_value>
		</wp:postmeta>
		<wp:postmeta>
			<wp:meta_key>trav_gallery_imgs</wp:meta_key>
			<wp:meta_value><![CDATA[332]]></wp:meta_value>
		</wp:postmeta>
		<wp:postmeta>
			<wp:meta_key>trav_gallery_imgs</wp:meta_key>
			<wp:meta_value><![CDATA[331]]></wp:meta_value>
		</wp:postmeta>
		<wp:postmeta>
			<wp:meta_key>trav_gallery_imgs</wp:meta_key>
			<wp:meta_value><![CDATA[330]]></wp:meta_value>
		</wp:postmeta>
		<wp:postmeta>
			<wp:meta_key>trav_gallery_imgs</wp:meta_key>
			<wp:meta_value><![CDATA[329]]></wp:meta_value>
		</wp:postmeta>
		<wp:postmeta>
			<wp:meta_key>sbg_selected_sidebar</wp:meta_key>
			<wp:meta_value><![CDATA[a:1:{i:0;s:1:"0";}]]></wp:meta_value>
		</wp:postmeta>
		<wp:postmeta>
			<wp:meta_key>sbg_selected_sidebar_replacement</wp:meta_key>
			<wp:meta_value><![CDATA[a:1:{i:0;s:1:"0";}]]></wp:meta_value>
		</wp:postmeta>
		<wp:postmeta>
			<wp:meta_key>trav_post_media_type</wp:meta_key>
			<wp:meta_value><![CDATA[sld]]></wp:meta_value>
		</wp:postmeta>
		<wp:postmeta>
			<wp:meta_key>trav_post_gallery_type</wp:meta_key>
			<wp:meta_value><![CDATA[sld_1]]></wp:meta_value>
		</wp:postmeta>
	</item>
	<item>
		<title>Central Park Walking Tour</title>
		<link>http://www.soaptheme.net/wordpress/travelo/things-to-do/central-park-walking-tour/</link>
		<pubDate>Sat, 01 Nov 2014 14:42:01 +0000</pubDate>
		<dc:creator><![CDATA[admin]]></dc:creator>
		<guid isPermaLink="false">http://www.soaptheme.net/wordpress/travelo/?post_type=things_to_do&#038;p=63</guid>
		<description></description>
		<content:encoded><![CDATA[Lorem ipsum dolor sit amet, consectetuer adipiscing elit, sed diam nonummy nibh euismod tincidunt ut laoreet dolore magna aliquam erat volutpat wisi enim don't look even slightly believable.]]></content:encoded>
		<excerpt:encoded><![CDATA[]]></excerpt:encoded>
		<wp:post_id>63</wp:post_id>
		<wp:post_date>2014-11-01 14:42:01</wp:post_date>
		<wp:post_date_gmt>2014-11-01 14:42:01</wp:post_date_gmt>
		<wp:comment_status>closed</wp:comment_status>
		<wp:ping_status>closed</wp:ping_status>
		<wp:post_name>central-park-walking-tour</wp:post_name>
		<wp:status>publish</wp:status>
		<wp:post_parent>0</wp:post_parent>
		<wp:menu_order>0</wp:menu_order>
		<wp:post_type>things_to_do</wp:post_type>
		<wp:post_password></wp:post_password>
		<wp:is_sticky>0</wp:is_sticky>
		<category domain="location" nicename="paris"><![CDATA[Paris]]></category>
		<wp:postmeta>
			<wp:meta_key>_edit_last</wp:meta_key>
			<wp:meta_value><![CDATA[1]]></wp:meta_value>
		</wp:postmeta>
		<wp:postmeta>
			<wp:meta_key>slide_template</wp:meta_key>
			<wp:meta_value><![CDATA[]]></wp:meta_value>
		</wp:postmeta>
		<wp:postmeta>
			<wp:meta_key>trav_ttd_media_type</wp:meta_key>
			<wp:meta_value><![CDATA[sld]]></wp:meta_value>
		</wp:postmeta>
		<wp:postmeta>
			<wp:meta_key>trav_ttd_gallery_type</wp:meta_key>
			<wp:meta_value><![CDATA[sld_1]]></wp:meta_value>
		</wp:postmeta>
		<wp:postmeta>
			<wp:meta_key>trav_count_post_views</wp:meta_key>
			<wp:meta_value><![CDATA[2588]]></wp:meta_value>
		</wp:postmeta>
		<wp:postmeta>
			<wp:meta_key>_thumbnail_id</wp:meta_key>
			<wp:meta_value><![CDATA[313]]></wp:meta_value>
		</wp:postmeta>
		<wp:postmeta>
			<wp:meta_key>trav_ttd_video_width</wp:meta_key>
			<wp:meta_value><![CDATA[0]]></wp:meta_value>
		</wp:postmeta>
		<wp:postmeta>
			<wp:meta_key>trav_post_video_width</wp:meta_key>
			<wp:meta_value><![CDATA[0]]></wp:meta_value>
		</wp:postmeta>
		<wp:postmeta>
			<wp:meta_key>trav_gallery_imgs</wp:meta_key>
			<wp:meta_value><![CDATA[322]]></wp:meta_value>
		</wp:postmeta>
		<wp:postmeta>
			<wp:meta_key>trav_gallery_imgs</wp:meta_key>
			<wp:meta_value><![CDATA[326]]></wp:meta_value>
		</wp:postmeta>
		<wp:postmeta>
			<wp:meta_key>trav_gallery_imgs</wp:meta_key>
			<wp:meta_value><![CDATA[325]]></wp:meta_value>
		</wp:postmeta>
		<wp:postmeta>
			<wp:meta_key>trav_gallery_imgs</wp:meta_key>
			<wp:meta_value><![CDATA[324]]></wp:meta_value>
		</wp:postmeta>
		<wp:postmeta>
			<wp:meta_key>trav_gallery_imgs</wp:meta_key>
			<wp:meta_value><![CDATA[323]]></wp:meta_value>
		</wp:postmeta>
		<wp:postmeta>
			<wp:meta_key>sbg_selected_sidebar</wp:meta_key>
			<wp:meta_value><![CDATA[a:1:{i:0;s:1:"0";}]]></wp:meta_value>
		</wp:postmeta>
		<wp:postmeta>
			<wp:meta_key>sbg_selected_sidebar_replacement</wp:meta_key>
			<wp:meta_value><![CDATA[a:1:{i:0;s:1:"0";}]]></wp:meta_value>
		</wp:postmeta>
		<wp:postmeta>
			<wp:meta_key>trav_post_media_type</wp:meta_key>
			<wp:meta_value><![CDATA[sld]]></wp:meta_value>
		</wp:postmeta>
		<wp:postmeta>
			<wp:meta_key>trav_post_gallery_type</wp:meta_key>
			<wp:meta_value><![CDATA[sld_1]]></wp:meta_value>
		</wp:postmeta>
	</item>
	<item>
		<title>Museum of Modern Art</title>
		<link>http://www.soaptheme.net/wordpress/travelo/things-to-do/museum-of-modern-art/</link>
		<pubDate>Sat, 01 Nov 2014 14:42:37 +0000</pubDate>
		<dc:creator><![CDATA[admin]]></dc:creator>
		<guid isPermaLink="false">http://www.soaptheme.net/wordpress/travelo/?post_type=things_to_do&#038;p=65</guid>
		<description></description>
		<content:encoded><![CDATA[Lorem ipsum dolor sit amet, consectetuer adipiscing elit, sed diam nonummy nibh euismod tincidunt ut laoreet dolore magna aliquam erat volutpat wisi enim don’t look even slightly believable.]]></content:encoded>
		<excerpt:encoded><![CDATA[]]></excerpt:encoded>
		<wp:post_id>65</wp:post_id>
		<wp:post_date>2014-11-01 14:42:37</wp:post_date>
		<wp:post_date_gmt>2014-11-01 14:42:37</wp:post_date_gmt>
		<wp:comment_status>closed</wp:comment_status>
		<wp:ping_status>closed</wp:ping_status>
		<wp:post_name>museum-of-modern-art</wp:post_name>
		<wp:status>publish</wp:status>
		<wp:post_parent>0</wp:post_parent>
		<wp:menu_order>0</wp:menu_order>
		<wp:post_type>things_to_do</wp:post_type>
		<wp:post_password></wp:post_password>
		<wp:is_sticky>0</wp:is_sticky>
		<category domain="location" nicename="paris"><![CDATA[Paris]]></category>
		<wp:postmeta>
			<wp:meta_key>_edit_last</wp:meta_key>
			<wp:meta_value><![CDATA[1]]></wp:meta_value>
		</wp:postmeta>
		<wp:postmeta>
			<wp:meta_key>slide_template</wp:meta_key>
			<wp:meta_value><![CDATA[]]></wp:meta_value>
		</wp:postmeta>
		<wp:postmeta>
			<wp:meta_key>trav_ttd_media_type</wp:meta_key>
			<wp:meta_value><![CDATA[sld]]></wp:meta_value>
		</wp:postmeta>
		<wp:postmeta>
			<wp:meta_key>trav_ttd_gallery_type</wp:meta_key>
			<wp:meta_value><![CDATA[sld_1]]></wp:meta_value>
		</wp:postmeta>
		<wp:postmeta>
			<wp:meta_key>trav_count_post_views</wp:meta_key>
			<wp:meta_value><![CDATA[3552]]></wp:meta_value>
		</wp:postmeta>
		<wp:postmeta>
			<wp:meta_key>_thumbnail_id</wp:meta_key>
			<wp:meta_value><![CDATA[314]]></wp:meta_value>
		</wp:postmeta>
		<wp:postmeta>
			<wp:meta_key>trav_ttd_video_width</wp:meta_key>
			<wp:meta_value><![CDATA[0]]></wp:meta_value>
		</wp:postmeta>
		<wp:postmeta>
			<wp:meta_key>trav_post_video_width</wp:meta_key>
			<wp:meta_value><![CDATA[0]]></wp:meta_value>
		</wp:postmeta>
		<wp:postmeta>
			<wp:meta_key>trav_gallery_imgs</wp:meta_key>
			<wp:meta_value><![CDATA[312]]></wp:meta_value>
		</wp:postmeta>
		<wp:postmeta>
			<wp:meta_key>trav_gallery_imgs</wp:meta_key>
			<wp:meta_value><![CDATA[311]]></wp:meta_value>
		</wp:postmeta>
		<wp:postmeta>
			<wp:meta_key>trav_gallery_imgs</wp:meta_key>
			<wp:meta_value><![CDATA[310]]></wp:meta_value>
		</wp:postmeta>
		<wp:postmeta>
			<wp:meta_key>trav_gallery_imgs</wp:meta_key>
			<wp:meta_value><![CDATA[309]]></wp:meta_value>
		</wp:postmeta>
		<wp:postmeta>
			<wp:meta_key>trav_post_media_type</wp:meta_key>
			<wp:meta_value><![CDATA[sld]]></wp:meta_value>
		</wp:postmeta>
		<wp:postmeta>
			<wp:meta_key>trav_post_gallery_type</wp:meta_key>
			<wp:meta_value><![CDATA[sld_1]]></wp:meta_value>
		</wp:postmeta>
		<wp:postmeta>
			<wp:meta_key>sbg_selected_sidebar</wp:meta_key>
			<wp:meta_value><![CDATA[a:1:{i:0;s:1:"0";}]]></wp:meta_value>
		</wp:postmeta>
		<wp:postmeta>
			<wp:meta_key>sbg_selected_sidebar_replacement</wp:meta_key>
			<wp:meta_value><![CDATA[a:1:{i:0;s:1:"0";}]]></wp:meta_value>
		</wp:postmeta>
	</item>
	<item>
		<title>Ski Holidays</title>
		<link>http://www.soaptheme.net/wordpress/travelo/things-to-do/ski-holidays/</link>
		<pubDate>Tue, 16 Dec 2014 16:22:26 +0000</pubDate>
		<dc:creator><![CDATA[admin]]></dc:creator>
		<guid isPermaLink="false">http://www.soaptheme.net/wordpress/travelo/?post_type=things_to_do&#038;p=1157</guid>
		<description></description>
		<content:encoded><![CDATA[Nunc cursus libero purus ac congue ar lorem cursus ut sed vitae pulvinar massa idend porta nequetiam elerisque mi id, consectetur adipi deese cing elit maus fringilla bibe endum.]]></content:encoded>
		<excerpt:encoded><![CDATA[]]></excerpt:encoded>
		<wp:post_id>1157</wp:post_id>
		<wp:post_date>2014-12-16 16:22:26</wp:post_date>
		<wp:post_date_gmt>2014-12-16 16:22:26</wp:post_date_gmt>
		<wp:comment_status>closed</wp:comment_status>
		<wp:ping_status>closed</wp:ping_status>
		<wp:post_name>ski-holidays</wp:post_name>
		<wp:status>publish</wp:status>
		<wp:post_parent>0</wp:post_parent>
		<wp:menu_order>0</wp:menu_order>
		<wp:post_type>things_to_do</wp:post_type>
		<wp:post_password></wp:post_password>
		<wp:is_sticky>0</wp:is_sticky>
		<category domain="location" nicename="chamonix"><![CDATA[Chamonix]]></category>
		<wp:postmeta>
			<wp:meta_key>_thumbnail_id</wp:meta_key>
			<wp:meta_value><![CDATA[1158]]></wp:meta_value>
		</wp:postmeta>
		<wp:postmeta>
			<wp:meta_key>_edit_last</wp:meta_key>
			<wp:meta_value><![CDATA[1]]></wp:meta_value>
		</wp:postmeta>
		<wp:postmeta>
			<wp:meta_key>slide_template</wp:meta_key>
			<wp:meta_value><![CDATA[]]></wp:meta_value>
		</wp:postmeta>
		<wp:postmeta>
			<wp:meta_key>sbg_selected_sidebar</wp:meta_key>
			<wp:meta_value><![CDATA[a:1:{i:0;s:1:"0";}]]></wp:meta_value>
		</wp:postmeta>
		<wp:postmeta>
			<wp:meta_key>sbg_selected_sidebar_replacement</wp:meta_key>
			<wp:meta_value><![CDATA[a:1:{i:0;s:1:"0";}]]></wp:meta_value>
		</wp:postmeta>
		<wp:postmeta>
			<wp:meta_key>trav_post_media_type</wp:meta_key>
			<wp:meta_value><![CDATA[img]]></wp:meta_value>
		</wp:postmeta>
		<wp:postmeta>
			<wp:meta_key>trav_post_gallery_type</wp:meta_key>
			<wp:meta_value><![CDATA[sld_1]]></wp:meta_value>
		</wp:postmeta>
		<wp:postmeta>
			<wp:meta_key>trav_post_direction_nav</wp:meta_key>
			<wp:meta_value><![CDATA[1]]></wp:meta_value>
		</wp:postmeta>
		<wp:postmeta>
			<wp:meta_key>trav_post_video_width</wp:meta_key>
			<wp:meta_value><![CDATA[0]]></wp:meta_value>
		</wp:postmeta>
		<wp:postmeta>
			<wp:meta_key>trav_count_post_views</wp:meta_key>
			<wp:meta_value><![CDATA[2054]]></wp:meta_value>
		</wp:postmeta>
	</item>
</channel>
</rss>
