<?xml version="1.0" encoding="UTF-8" ?>
<!-- This is a WordPress eXtended RSS file generated by WordPress as an export of your site. -->
<!-- It contains information about your site's posts, pages, comments, categories, and other content. -->
<!-- You may use this file to transfer that content from one site to another. -->
<!-- This file is not intended to serve as a complete backup of your site. -->

<!-- To import this information into a WordPress site follow these steps: -->
<!-- 1. Log in to that site as an administrator. -->
<!-- 2. Go to Tools: Import in the WordPress admin panel. -->
<!-- 3. Install the "WordPress" importer from the list. -->
<!-- 4. Activate & Run Importer. -->
<!-- 5. Upload this file using the form provided on that page. -->
<!-- 6. You will first be asked to map the authors in this export file to users -->
<!--    on the site. For each author, you may choose to map to an -->
<!--    existing user on the site or to create a new user. -->
<!-- 7. WordPress will then import each of the posts, pages, comments, categories, etc. -->
<!--    contained in this file into your site. -->

<!-- generator="WordPress/4.3.3" created="2016-03-23 13:33" -->
<rss version="2.0"
	xmlns:excerpt="http://wordpress.org/export/1.2/excerpt/"
	xmlns:content="http://purl.org/rss/1.0/modules/content/"
	xmlns:wfw="http://wellformedweb.org/CommentAPI/"
	xmlns:dc="http://purl.org/dc/elements/1.1/"
	xmlns:wp="http://wordpress.org/export/1.2/"
>

<channel>
	<title>Travelo - Travel/Tour Booking WordPress Theme</title>
	<link>http://www.soaptheme.net/wordpress/travelo</link>
	<description>Just another WordPress site</description>
	<pubDate>Wed, 23 Mar 2016 13:33:53 +0000</pubDate>
	<language>en-US</language>
	<wp:wxr_version>1.2</wp:wxr_version>
	<wp:base_site_url>http://www.soaptheme.net/wordpress/travelo</wp:base_site_url>
	<wp:base_blog_url>http://www.soaptheme.net/wordpress/travelo</wp:base_blog_url>

	<wp:author><wp:author_id>1</wp:author_id><wp:author_login>admin</wp:author_login><wp:author_email>soaptheme@gmail.com</wp:author_email><wp:author_display_name><![CDATA[admin]]></wp:author_display_name><wp:author_first_name><![CDATA[egor]]></wp:author_first_name><wp:author_last_name><![CDATA[putin]]></wp:author_last_name></wp:author>


	<generator>http://wordpress.org/?v=4.3.3</generator>

	<item>
		<title>Travel Guide To Paris</title>
		<link>http://www.soaptheme.net/wordpress/travelo/travel-guide/travel-guide-to-paris/</link>
		<pubDate>Thu, 27 Nov 2014 16:47:31 +0000</pubDate>
		<dc:creator><![CDATA[admin]]></dc:creator>
		<guid isPermaLink="false">http://www.soaptheme.net/wordpress/travelo/?post_type=travel_guide&#038;p=717</guid>
		<description></description>
		<content:encoded><![CDATA[]]></content:encoded>
		<excerpt:encoded><![CDATA[]]></excerpt:encoded>
		<wp:post_id>717</wp:post_id>
		<wp:post_date>2014-11-27 16:47:31</wp:post_date>
		<wp:post_date_gmt>2014-11-27 16:47:31</wp:post_date_gmt>
		<wp:comment_status>closed</wp:comment_status>
		<wp:ping_status>closed</wp:ping_status>
		<wp:post_name>travel-guide-to-paris</wp:post_name>
		<wp:status>publish</wp:status>
		<wp:post_parent>0</wp:post_parent>
		<wp:menu_order>0</wp:menu_order>
		<wp:post_type>travel_guide</wp:post_type>
		<wp:post_password></wp:post_password>
		<wp:is_sticky>0</wp:is_sticky>
		<wp:postmeta>
			<wp:meta_key>_edit_last</wp:meta_key>
			<wp:meta_value><![CDATA[1]]></wp:meta_value>
		</wp:postmeta>
		<wp:postmeta>
			<wp:meta_key>slide_template</wp:meta_key>
			<wp:meta_value><![CDATA[]]></wp:meta_value>
		</wp:postmeta>
		<wp:postmeta>
			<wp:meta_key>trav_tg_g_info</wp:meta_key>
			<wp:meta_value><![CDATA[<div class="image-container">
<img src="http://www.soaptheme.net/wordpress/travelo/wp-content/uploads/2014/11/info1.jpg" alt="">
</div>
<div class="main-content">
<div class="intro table-wrapper full-width hidden-table-sms box">
<div class="col-sm-5 col-lg-4 features table-cell">
<ul>
<li><label>Country:</label>France</li>
<li><label>City:</label>Paris</li>
<li><label>Area:</label>105.4 km²</li>
<li><label>Weather:</label>11°C, Wind</li>
<li><label>Local time:</label>Mon 12:19 am</li>
<li><label>Currency:</label>Euro</li>
<li><label>Language:</label>French</li>
<li><label>Population:</label>2.211 million</li>
</ul>
</div>
<div class="col-sm-7 col-lg-8 table-cell testimonials">
[testimonials style="style1"]
[testimonial author_name="Jessica Brown" author_link="/" author_img_url="http://www.soaptheme.net/wordpress/travelo/wp-content/uploads/2014/11/author1.png" ]
Always enjoyed my stay with Hilton Hotel and Resorts, top class room service and rooms have great outside views and luxury assessories. Thanks for great experience.
[/testimonial]

[testimonial author_name="Lisa Kimberly" author_link="/" author_img_url="http://www.soaptheme.net/wordpress/travelo/wp-content/uploads/2014/11/author2.png" ]
Always enjoyed my stay with Hilton Hotel and Resorts, top class room service and rooms have great outside views and luxury assessories. Thanks for great experience.
[/testimonial]
[testimonial author_name="Simon" author_link="/" author_img_url="http://www.soaptheme.net/wordpress/travelo/wp-content/uploads/2014/11/author3.jpg" ]
Always enjoyed my stay with Hilton Hotel and Resorts, top class room service and rooms have great outside views and luxury assessories. Thanks for great experience.
[/testimonial]
[/testimonials]
</div>
</div>
<div class="long-description">
<h2>General Information About Paris</h2>
<p>Sed aliquam nunc eget velit imperdiet, in rutrum mauris malesuada. Quisque ullamcorper vulputate nisi, et fringilla ante convallis quis. Nullam vel tellus non elit suscipit volutpat. Integer id felis et nibh rutrum dignissim ut non risus. In tincidunt urna quis sem luctus, sed accumsan magna pellentesque. Donec et iaculis tellus. Vestibulum ut iaculis justo, auctor sodales lectus. Donec et tellus tempus, dignissim maurornare, consequat lacus. Integer dui neque, scelerisque nec sollicitudin sit amet, sodales a erat. Duis vitae condimentum ligula. Integer eu mi nisl. Donec massa dui, commodo id arcu quis, venenatis scelerisque velit.</p>
<p>Praesent eros turpis, commodo vel justo at, pulvinar mollis eros. Mauris aliquet eu quam id ornare. Morbi ac quam enim. Cras vitae nulla condimentum, semper dolor non, faucibus dolor. Vivamus adipiscing eros quis orci fringilla, sed pretium lectus viverra. Pellentesque habitant morbi tristique senectus et netus et malesuada fames ac turpis egestas. Donec nec velit non odio aliquam suscipit. Sed non neque faucibus, condimentum lectus at, accumsan enim. Fusce pretium egestas cursus. Etiam consectetur, orci vel rutrum volutpat, odio odio pretium nisiodo tellus libero et urna. Sed commodo ipsum ligula, id volutpat risus vehicula in. Pellentesque non massa eu nibh posuere bibendum non sed enim. Maecenas lobortis nulla sem, vel egestas dui ullamcorper ac.</p>
<p>Sed scelerisque lectus sit amet faucibus sodales. Proin ut risus tortor. Etiam fermentum tellus auctor, fringilla sapien et, congue quam. In a luctus tortor. Suspendisse eget tempor libero, ut sollicitudin ligula. Nulla vulputate tincidunt est non congue. Class aptent taciti sociosqu ad litora torquent per conubia nostra, per inceptos himenaeos. Phasellus at est imperdiet, dapibus ipsum vel, lacinia nulla. Vestibulum ante ipsum primis in faucibus orci luctus et ultrices posuere cubilia Curae; Phasellus id interdum lectus, ut elementum elit. Nullam a molestie magna. Praesent eros turpis, commodo vel justo at, pulvinar mollis eros. Mauris aliquet eu quam id ornare. Morbi ac quam enim. Cras vitae nulla condimentum, semper dolor non, faucibus dolor. Vivamus adipiscing eros quis orci fringilla, sed pretium lectus viverra.</p>
</div>
</div>]]></wp:meta_value>
		</wp:postmeta>
		<wp:postmeta>
			<wp:meta_key>trav_count_post_views</wp:meta_key>
			<wp:meta_value><![CDATA[135571]]></wp:meta_value>
		</wp:postmeta>
		<wp:postmeta>
			<wp:meta_key>sbg_selected_sidebar</wp:meta_key>
			<wp:meta_value><![CDATA[a:1:{i:0;s:1:"0";}]]></wp:meta_value>
		</wp:postmeta>
		<wp:postmeta>
			<wp:meta_key>sbg_selected_sidebar_replacement</wp:meta_key>
			<wp:meta_value><![CDATA[a:1:{i:0;s:1:"0";}]]></wp:meta_value>
		</wp:postmeta>
		<wp:postmeta>
			<wp:meta_key>trav_tg_sports</wp:meta_key>
			<wp:meta_value><![CDATA[<div class="image-container">
    <img src="http://www.soaptheme.net/wordpress/travelo/wp-content/uploads/2014/11/sport1.jpg" alt="">
</div>
<div class="main-content">
    <div class="intro box">
        <h2>Sports Played in Paris</h2>
        <p>Maecenas vitae turpis condimentum metus tincidunt semper bibendum ut orci. Donec eget accumsan est. Duis laoreet sagittis elit et vehicula. Cras viverra posuere condimentum.</p>
        <div class="sport-list clearfix">
            <div class="col-sms-6 col-sm-6 col-lg-3">
                <ul class="triangle hover">
                    <li><a href="#">Football</a></li>
                    <li><a href="#">Basketball</a></li>
                    <li><a href="#">rugby union Clubs</a></li>
                    <li><a href="#">Olympic Games</a></li>
                </ul>
            </div>
            <div class="col-sms-6 col-sm-6 col-lg-3">
                <ul class="triangle hover">
                    <li><a href="#">Tennis Game</a></li>
                    <li><a href="#">cricket</a></li>
                    <li><a href="#">table tennis</a></li>
                    <li><a href="#">swimming</a></li>
                </ul>
            </div>
            <div class="col-sms-6 col-sm-6 col-lg-3">
                <ul class="triangle hover">
                    <li><a href="#">chess tournament</a></li>
                    <li><a href="#">baseball</a></li>
                    <li><a href="#">Gym fitness</a></li>
                    <li><a href="#">soccer matches</a></li>
                </ul>
            </div>
            <div class="col-sms-6 col-sm-6 col-lg-3">
                <ul class="triangle hover">
                    <li><a href="#">Ice Skatting</a></li>
                    <li><a href="#">Golf clubs</a></li>
                    <li><a href="#">ski</a></li>
                    <li><a href="#">racings</a></li>
                </ul>
            </div>
        </div>
    </div>
    <div class="long-description">
        <h2>About Basketball Game</h2>
        <p>Sed aliquam nunc eget velit imperdiet, in rutrum mauris malesuada. Quisque ullamcorper vulputate nisi, et fringilla ante convallis quis. Nullam vel tellus non elit suscipit volutpat. Integer id felis et nibh rutrum dignissim ut non risus. In tincidunt urna quis sem luctus, sed accumsan magna pellentesque. Donec et iaculis tellus. Vestibulum ut iaculis justo, auctor sodales lectus. Donec et tellus tempus, dignissim maurornare, consequat lacus. Integer dui neque, scelerisque nec sollicitudin sit amet, sodales a erat. Duis vitae condimentum ligula. Integer eu mi nisl. Donec massa dui, commodo id arcu quis, venenatis scelerisque velit.</p>
        <p>Praesent eros turpis, commodo vel justo at, pulvinar mollis eros. Mauris aliquet eu quam id ornare. Morbi ac quam enim. Cras vitae nulla condimentum, semper dolor non, faucibus dolor. Vivamus adipiscing eros quis orci fringilla, sed pretium lectus viverra. Pellentesque habitant morbi tristique senectus et netus et malesuada fames ac turpis egestas. Donec nec velit non odio aliquam suscipit. Sed non neque faucibus, condimentum lectus at, accumsan enim. Fusce pretium egestas cursus. Etiam consectetur, orci vel rutrum volutpat, odio odio pretium nisiodo tellus libero et urna. Sed commodo ipsum ligula, id volutpat risus vehicula in. Pellentesque non massa eu nibh posuere bibendum non sed enim. Maecenas lobortis nulla sem, vel egestas dui ullamcorper ac.</p>
        <p>Sed scelerisque lectus sit amet faucibus sodales. Proin ut risus tortor. Etiam fermentum tellus auctor, fringilla sapien et, congue quam. In a luctus tortor. Suspendisse eget tempor libero, ut sollicitudin ligula. Nulla vulputate tincidunt est non congue. Class aptent taciti sociosqu ad litora torquent per conubia nostra, per inceptos himenaeos. Phasellus at est imperdiet, dapibus ipsum vel, lacinia nulla. Vestibulum ante ipsum primis in faucibus orci luctus et ultrices posuere cubilia Curae; Phasellus id interdum lectus, ut elementum elit. </p>
    </div>
</div>]]></wp:meta_value>
		</wp:postmeta>
		<wp:postmeta>
			<wp:meta_key>trav_tg_culture</wp:meta_key>
			<wp:meta_value><![CDATA[<div class="image-container">
<img src="http://www.soaptheme.net/wordpress/travelo/wp-content/uploads/2014/11/culture-history1.jpg" alt="">
</div>
<div class="main-content">
<h2>Paris Culture and History</h2>
[content_boxes style="style6"]
[content_box]
[row]
[column md="4"]
[imageframe src="http://www.soaptheme.net/wordpress/travelo/wp-content/uploads/2014/11/culture1.jpg" link="#" width="306" height="204" position="middle"]
[/column]
[column md="8"]
[content_box_detail]
<h4 class="skin-color">Culture</h4>
<p>Sed aliquam nunc eget velit imperdiet, in rutrum mauris malesuada. Quisque ullamcorper vulputate nisi, et fringilla ante convallis quis. Nullam vel tellus non elit suscipit volutpat. Integer id felis et nibh rutrum dignissim ut non risus. In tincidunt urna quis sem luctus, sed accumsan magna pellentesque. Donec et iaculis tellus. Vestibulum ut iaculis justo, auctor sodales lectus. Donec et tellus tempus, dignissim maurornare, consequat lacus. Integer dui neque, scelerisque.</p>
[/content_box_detail]
[/column]
[/row]
[/content_box]

[content_box]
[row]
[column md="8"]
[content_box_detail]
<h4 class="skin-color">History</h4>
<p>Sed aliquam nunc eget velit imperdiet, in rutrum mauris malesuada. Quisque ullamcorper vulputate nisi, et fringilla ante convallis quis. Nullam vel tellus non elit suscipit volutpat. Integer id felis et nibh rutrum dignissim ut non risus. In tincidunt urna quis sem luctus, sed accumsan magna pellentesque. Donec et iaculis tellus. Vestibulum ut iaculis justo, auctor sodales lectus. Donec et tellus tempus, dignissim maurornare, consequat lacus. Integer dui neque, scelerisque.</p>
[/content_box_detail]
[/column]
[column md="4"]
[imageframe src="http://www.soaptheme.net/wordpress/travelo/wp-content/uploads/2014/11/history1.jpg" link="#" width="239" height="160" position="middle"]
[/column]
[/row]
[/content_box]

[content_box]
[row]
[column md="4"]
[imageframe src="http://www.soaptheme.net/wordpress/travelo/wp-content/uploads/2014/11/landscape1.jpg" link="#" width="245" height="159" position="middle"]
[/column]
[column md="8"]
[content_box_detail]
<h4 class="skin-color">Landscape</h4>
<p>Sed aliquam nunc eget velit imperdiet, in rutrum mauris malesuada. Quisque ullamcorper vulputate nisi, et fringilla ante convallis quis. Nullam vel tellus non elit suscipit volutpat. Integer id felis et nibh rutrum dignissim ut non risus. In tincidunt urna quis sem luctus, sed accumsan magna pellentesque. Donec et iaculis tellus. Vestibulum ut iaculis justo, auctor sodales lectus. Donec et tellus tempus, dignissim maurornare, consequat lacus. Integer dui neque, scelerisque.</p>
[/content_box_detail]
[/column]
[/row]
[/content_box]
[/content_boxes]
</div>]]></wp:meta_value>
		</wp:postmeta>
		<wp:postmeta>
			<wp:meta_key>trav_tg_nightlife</wp:meta_key>
			<wp:meta_value><![CDATA[<div class="image-container">
<img src="http://www.soaptheme.net/wordpress/travelo/wp-content/uploads/2014/11/nightlife1.jpg" alt="">
</div>
<div class="main-content">
<h2>Paris Nightlife</h2>
<p>Sed aliquam nunc eget velit imperdiet, in rutrum mauris malesuada. Quisque ullamcorper vulputate nisi, et fringilla ante convallis quis. Nullam vel tellus non elit suscipit volutpat. Integer id felis et nibh rutrum dignissim ut non risus. In tincidunt urna quis sem luctus, sed accumsan magna pellentesque. Donec et iaculis tellus. Vestibulum ut iaculis justo, auctor sodales lectus. Donec et tellus tempus, dignissim maurornare, consequat lacus. Integer dui neque, scelerisque nec sollicitudin sit amet, sodales a erat. Duis vitae condimentum ligula. Integer eu mi nisl. Donec massa dui, commodo id arcu quis, venenatis scelerisque velit.</p>
<h2>Popular Bars in Paris</h2>
<div class="row add-clearfix">
<div class="col-sms-6 col-sm-6 col-lg-3">
<div class="icon-box">
<i class="soap-icon-winebar circle skin-color"></i>
<h5>L’Open Café</h5>
<p>17, Rue des Archives - 75004 Paris</p>
<p>Tel. : +33 (0) 1 42 72 26 18</p>
</div>
</div>
<div class="col-sms-6 col-sm-6 col-lg-3">
<div class="icon-box">
<i class="soap-icon-winebar circle skin-color"></i>
<h5>Bliss Kfé</h5>
<p>30, Rue du Roi de Sicile - 75004 Paris</p>
<p>Tel. : +33 (0) 1 42 78 49 36</p>
</div>
</div>
<div class="col-sms-6 col-sm-6 col-lg-3">
<div class="icon-box">
<i class="soap-icon-winebar circle skin-color"></i>
<h5>L’Oiseau bariolé</h5>
<p>16, Rue Sainte Croix Bretonnerie - 75004 Paris</p>
<p>Tel. : +33 (0) 6 10 38 46 51</p>
</div>
</div>
<div class="col-sms-6 col-sm-6 col-lg-3">
<div class="icon-box">
<i class="soap-icon-winebar circle skin-color"></i>
<h5>Le Cox</h5>
<p>15, Rue des Archives - 75004 Paris</p>
<p>Tel. : +33 (0) 1 42 72 26 18</p>
</div>
</div>
</div>
<h2>Famous Clubs in Paris</h2>
<div class="row add-clearfix">
<div class="col-sms-6 col-sm-6 col-lg-3">
<div class="icon-box">
<i class="soap-icon-entertainment circle skin-color"></i>
<h5>Six-Seven</h5>
<p>65-67, Rue Pierre Charron - 75008 Paris</p>
<p>Tel. : +33 (0) 1 58 56 20 50</p>
</div>
</div>
<div class="col-sms-6 col-sm-6 col-lg-3">
<div class="icon-box">
<i class="soap-icon-entertainment circle skin-color"></i>
<h5>VIP room</h5>
<p>76, Avenue des Champs-Elysées - 75008 Paris</p>
<p>Tel. : +33 (0) 1 56 69 16 66</p>
</div>
</div>
<div class="col-sms-6 col-sm-6 col-lg-3">
<div class="icon-box">
<i class="soap-icon-entertainment circle skin-color"></i>
<h5>Le Baron</h5>
<p>6, Avenue Marceau - 75008 Paris</p>
<p>Tel. : +33 (0) 1 47 20 04 01</p>
</div>
</div>
<div class="col-sms-6 col-sm-6 col-lg-3">
<div class="icon-box">
<i class="soap-icon-entertainment circle skin-color"></i>
<h5>Le Latina Café</h5>
<p>114, Avenue des Champs Elysées- 75008 Paris </p>
<p>Tel. : +33 (0) 1 42 89 98 89</p>
</div>
</div>
</div>
</div>]]></wp:meta_value>
		</wp:postmeta>
	</item>
</channel>
</rss>
