<?xml version="1.0" encoding="UTF-8" ?>
<!-- This is a WordPress eXtended RSS file generated by WordPress as an export of your site. -->
<!-- It contains information about your site's posts, pages, comments, categories, and other content. -->
<!-- You may use this file to transfer that content from one site to another. -->
<!-- This file is not intended to serve as a complete backup of your site. -->

<!-- To import this information into a WordPress site follow these steps: -->
<!-- 1. Log in to that site as an administrator. -->
<!-- 2. Go to Tools: Import in the WordPress admin panel. -->
<!-- 3. Install the "WordPress" importer from the list. -->
<!-- 4. Activate & Run Importer. -->
<!-- 5. Upload this file using the form provided on that page. -->
<!-- 6. You will first be asked to map the authors in this export file to users -->
<!--    on the site. For each author, you may choose to map to an -->
<!--    existing user on the site or to create a new user. -->
<!-- 7. WordPress will then import each of the posts, pages, comments, categories, etc. -->
<!--    contained in this file into your site. -->

<!-- generator="WordPress/4.3.3" created="2016-03-23 13:34" -->
<rss version="2.0"
	xmlns:excerpt="http://wordpress.org/export/1.2/excerpt/"
	xmlns:content="http://purl.org/rss/1.0/modules/content/"
	xmlns:wfw="http://wellformedweb.org/CommentAPI/"
	xmlns:dc="http://purl.org/dc/elements/1.1/"
	xmlns:wp="http://wordpress.org/export/1.2/"
>

<channel>
	<title>Travelo - Travel/Tour Booking WordPress Theme</title>
	<link>http://www.soaptheme.net/wordpress/travelo</link>
	<description>Just another WordPress site</description>
	<pubDate>Wed, 23 Mar 2016 13:34:18 +0000</pubDate>
	<language>en-US</language>
	<wp:wxr_version>1.2</wp:wxr_version>
	<wp:base_site_url>http://www.soaptheme.net/wordpress/travelo</wp:base_site_url>
	<wp:base_blog_url>http://www.soaptheme.net/wordpress/travelo</wp:base_blog_url>

	<wp:author><wp:author_id>1</wp:author_id><wp:author_login>admin</wp:author_login><wp:author_email>soaptheme@gmail.com</wp:author_email><wp:author_display_name><![CDATA[admin]]></wp:author_display_name><wp:author_first_name><![CDATA[egor]]></wp:author_first_name><wp:author_last_name><![CDATA[putin]]></wp:author_last_name></wp:author>


	<generator>http://wordpress.org/?v=4.3.3</generator>

	<item>
		<title>Rome City Tour</title>
		<link>http://www.soaptheme.net/wordpress/travelo/tour/rome-city-tour/</link>
		<pubDate>Sat, 11 Apr 2015 19:04:30 +0000</pubDate>
		<dc:creator><![CDATA[admin]]></dc:creator>
		<guid isPermaLink="false">http://www.soaptheme.net/wordpress/travelo/?post_type=tour&#038;p=1192</guid>
		<description></description>
		<content:encoded><![CDATA[[map center="48.85661, 2.35222" markers="48.85661, 2.35222" height="255px" /]
[box]
<h2>General Information About Rome</h2>
Sed aliquam nunc eget velit imperdiet, in rutrum mauris malesuada. Quisque ullamcorper vulputate nisi, et fringilla ante convallis quis. Nullam vel tellus non elit suscipit volutpat. Integer id felis et nibh rutrum dignissim ut non risus. In tincidunt urna quis sem luctus, sed accumsan magna pellentesque. Donec et iaculis tellus. Vestibulum ut iaculis justo, auctor sodales lectus. Donec et tellus tempus, dignissim maurornare, consequat lacus. Integer dui neque, scelerisque nec sollicitudin sit amet, sodales a erat. Duis vitae condimentum ligula. Integer eu mi nisl. Donec massa dui, commodo id arcu quis, venenatis scelerisque velit.
<h2>Day 01</h2>
Praesent eros turpis, commodo vel justo at, pulvinar mollis eros. Mauris aliquet eu quam id ornare. Morbi ac quam enim. Cras vitae nulla condimentum, semper dolor non, faucibus dolor. Vivamus adipiscing eros quis orci fringilla, sed pretium lectus viverra. Pellentesque habitant morbi tristique senectus et netus et malesuada fames ac turpis egestas. Donec nec velit non odio aliquam suscipit. Sed non neque faucibus, condimentum lectus at, accumsan enim. Fusce pretium egestas cursus. Etiam consectetur, orci vel rutrum volutpat, odio odio pretium nisiodo tellus libero et urna. Sed commodo ipsum ligula, id volutpat risus vehicula in. Pellentesque non massa eu nibh posuere bibendum non sed enim. Maecenas lobortis nulla sem, vel egestas dui ullamcorper ac.
<h2>Day 02</h2>
Sed scelerisque lectus sit amet faucibus sodales. Proin ut risus tortor. Etiam fermentum tellus auctor, fringilla sapien et, congue quam. In a luctus tortor. Suspendisse eget tempor libero, ut sollicitudin ligula. Nulla vulputate tincidunt est non congue. Class aptent taciti sociosqu ad litora torquent per conubia nostra, per inceptos himenaeos. Phasellus at est imperdiet, dapibus ipsum vel, lacinia nulla. Vestibulum ante ipsum primis in faucibus orci luctus et ultrices posuere cubilia Curae; Phasellus id interdum lectus, ut elementum elit. Nullam a molestie magna. Praesent eros turpis, commodo vel justo at, pulvinar mollis eros. Mauris aliquet eu quam id ornare. Morbi ac quam enim. Cras vitae nulla condimentum, semper dolor non, faucibus dolor. Vivamus adipiscing eros quis orci fringilla, sed pretium lectus viverra.
<h2>Day 03</h2>
Praesent eros turpis, commodo vel justo at, pulvinar mollis eros. Mauris aliquet eu quam id ornare. Morbi ac quam enim. Cras vitae nulla condimentum, semper dolor non, faucibus dolor. Vivamus adipiscing eros quis orci fringilla, sed pretium lectus viverra. Pellentesque habitant morbi tristique senectus et netus et malesuada fames ac turpis egestas. Donec nec velit non odio aliquam suscipit. Sed non neque faucibus, condimentum lectus at, accumsan enim. Fusce pretium egestas cursus. Etiam consectetur, orci vel rutrum volutpat, odio odio pretium nisiodo tellus libero et urna. Sed commodo ipsum ligula, id volutpat risus vehicula in. Pellentesque non massa eu nibh posuere bibendum non sed enim. Maecenas lobortis nulla

[/box]]]></content:encoded>
		<excerpt:encoded><![CDATA[]]></excerpt:encoded>
		<wp:post_id>1192</wp:post_id>
		<wp:post_date>2015-04-11 19:04:30</wp:post_date>
		<wp:post_date_gmt>2015-04-11 19:04:30</wp:post_date_gmt>
		<wp:comment_status>closed</wp:comment_status>
		<wp:ping_status>closed</wp:ping_status>
		<wp:post_name>rome-city-tour</wp:post_name>
		<wp:status>publish</wp:status>
		<wp:post_parent>0</wp:post_parent>
		<wp:menu_order>0</wp:menu_order>
		<wp:post_type>tour</wp:post_type>
		<wp:post_password></wp:post_password>
		<wp:is_sticky>0</wp:is_sticky>
		<category domain="tour_type" nicename="city-tour"><![CDATA[City Tour]]></category>
		<wp:postmeta>
			<wp:meta_key>_edit_last</wp:meta_key>
			<wp:meta_value><![CDATA[1]]></wp:meta_value>
		</wp:postmeta>
		<wp:postmeta>
			<wp:meta_key>_wpas_done_all</wp:meta_key>
			<wp:meta_value><![CDATA[1]]></wp:meta_value>
		</wp:postmeta>
		<wp:postmeta>
			<wp:meta_key>slide_template</wp:meta_key>
			<wp:meta_value><![CDATA[default]]></wp:meta_value>
		</wp:postmeta>
		<wp:postmeta>
			<wp:meta_key>trav_tour_schedule_types</wp:meta_key>
			<wp:meta_value><![CDATA[a:2:{i:0;a:3:{i:0;s:23:"English Commentary Tour";i:1;s:124:"Discover the Eternal City's main highlights on a full-day guided tour and enjoy a typical lunch in a traditional restaurant.";i:2;s:7:"8:30 AM";}i:1;a:3:{i:0;s:23:"Spanish Commentary Tour";i:1;s:124:"Discover the Eternal City's main highlights on a full-day guided tour and enjoy a typical lunch in a traditional restaurant.";i:2;s:8:"10:30 AM";}}]]></wp:meta_value>
		</wp:postmeta>
		<wp:postmeta>
			<wp:meta_key>trav_tour_repeated</wp:meta_key>
			<wp:meta_value><![CDATA[1]]></wp:meta_value>
		</wp:postmeta>
		<wp:postmeta>
			<wp:meta_key>trav_tour_multi_book</wp:meta_key>
			<wp:meta_value><![CDATA[1]]></wp:meta_value>
		</wp:postmeta>
		<wp:postmeta>
			<wp:meta_key>trav_tour_featured</wp:meta_key>
			<wp:meta_value><![CDATA[0]]></wp:meta_value>
		</wp:postmeta>
		<wp:postmeta>
			<wp:meta_key>trav_tour_hot</wp:meta_key>
			<wp:meta_value><![CDATA[0]]></wp:meta_value>
		</wp:postmeta>
		<wp:postmeta>
			<wp:meta_key>trav_tour_discount_rate</wp:meta_key>
			<wp:meta_value><![CDATA[0]]></wp:meta_value>
		</wp:postmeta>
		<wp:postmeta>
			<wp:meta_key>trav_tour_d_cancel_booking</wp:meta_key>
			<wp:meta_value><![CDATA[0]]></wp:meta_value>
		</wp:postmeta>
		<wp:postmeta>
			<wp:meta_key>trav_tour_sl_first</wp:meta_key>
			<wp:meta_value><![CDATA[1]]></wp:meta_value>
		</wp:postmeta>
		<wp:postmeta>
			<wp:meta_key>trav_post_media_type</wp:meta_key>
			<wp:meta_value><![CDATA[sld]]></wp:meta_value>
		</wp:postmeta>
		<wp:postmeta>
			<wp:meta_key>trav_post_gallery_type</wp:meta_key>
			<wp:meta_value><![CDATA[sld_with_cl]]></wp:meta_value>
		</wp:postmeta>
		<wp:postmeta>
			<wp:meta_key>trav_post_direction_nav</wp:meta_key>
			<wp:meta_value><![CDATA[1]]></wp:meta_value>
		</wp:postmeta>
		<wp:postmeta>
			<wp:meta_key>trav_post_video_width</wp:meta_key>
			<wp:meta_value><![CDATA[0]]></wp:meta_value>
		</wp:postmeta>
		<wp:postmeta>
			<wp:meta_key>trav_gallery_imgs</wp:meta_key>
			<wp:meta_value><![CDATA[312]]></wp:meta_value>
		</wp:postmeta>
		<wp:postmeta>
			<wp:meta_key>trav_gallery_imgs</wp:meta_key>
			<wp:meta_value><![CDATA[311]]></wp:meta_value>
		</wp:postmeta>
		<wp:postmeta>
			<wp:meta_key>trav_gallery_imgs</wp:meta_key>
			<wp:meta_value><![CDATA[310]]></wp:meta_value>
		</wp:postmeta>
		<wp:postmeta>
			<wp:meta_key>trav_gallery_imgs</wp:meta_key>
			<wp:meta_value><![CDATA[309]]></wp:meta_value>
		</wp:postmeta>
		<wp:postmeta>
			<wp:meta_key>trav_gallery_imgs</wp:meta_key>
			<wp:meta_value><![CDATA[308]]></wp:meta_value>
		</wp:postmeta>
		<wp:postmeta>
			<wp:meta_key>_thumbnail_id</wp:meta_key>
			<wp:meta_value><![CDATA[1193]]></wp:meta_value>
		</wp:postmeta>
		<wp:postmeta>
			<wp:meta_key>trav_tour_min_price</wp:meta_key>
			<wp:meta_value><![CDATA[200]]></wp:meta_value>
		</wp:postmeta>
		<wp:postmeta>
			<wp:meta_key>trav_tour_brief</wp:meta_key>
			<wp:meta_value><![CDATA[<ul class="features check">
<li>City Tour In 3 Hours</li>
<li>Night Street Life in Downtown</li>
<li>Enjoy World Famous Restaurant</li>
<li>Wine Tester Trips</li>
</ul>]]></wp:meta_value>
		</wp:postmeta>
		<wp:postmeta>
			<wp:meta_key>trav_tour_country</wp:meta_key>
			<wp:meta_value><![CDATA[41]]></wp:meta_value>
		</wp:postmeta>
		<wp:postmeta>
			<wp:meta_key>trav_tour_city</wp:meta_key>
			<wp:meta_value><![CDATA[42]]></wp:meta_value>
		</wp:postmeta>
		<wp:postmeta>
			<wp:meta_key>trav_tour_phone</wp:meta_key>
			<wp:meta_value><![CDATA[1-800-123-HELLO]]></wp:meta_value>
		</wp:postmeta>
		<wp:postmeta>
			<wp:meta_key>trav_tour_email</wp:meta_key>
			<wp:meta_value><![CDATA[service@soaptheme.com]]></wp:meta_value>
		</wp:postmeta>
		<wp:postmeta>
			<wp:meta_key>trav_tour_tg</wp:meta_key>
			<wp:meta_value><![CDATA[717]]></wp:meta_value>
		</wp:postmeta>
		<wp:postmeta>
			<wp:meta_key>sbg_selected_sidebar</wp:meta_key>
			<wp:meta_value><![CDATA[a:1:{i:0;s:1:"0";}]]></wp:meta_value>
		</wp:postmeta>
		<wp:postmeta>
			<wp:meta_key>sbg_selected_sidebar_replacement</wp:meta_key>
			<wp:meta_value><![CDATA[a:1:{i:0;s:1:"0";}]]></wp:meta_value>
		</wp:postmeta>
		<wp:postmeta>
			<wp:meta_key>trav_count_post_views</wp:meta_key>
			<wp:meta_value><![CDATA[0]]></wp:meta_value>
		</wp:postmeta>
	</item>
	<item>
		<title>Tour Colosseum</title>
		<link>http://www.soaptheme.net/wordpress/travelo/tour/tour-colosseum/</link>
		<pubDate>Sat, 11 Apr 2015 19:13:06 +0000</pubDate>
		<dc:creator><![CDATA[admin]]></dc:creator>
		<guid isPermaLink="false">http://www.soaptheme.net/wordpress/travelo/?post_type=tour&#038;p=1194</guid>
		<description></description>
		<content:encoded><![CDATA[[map center="48.85661, 2.35222" markers="48.85661, 2.35222" height="255px" /]
[box]
<h2>General Information About This Tour</h2>
Tales of gladiators, executions, mock sea battles, and the daily life of ancient Romans await you on this fascinating tour of the Colosseum, Roman Forum, and Palatine Hill—all without waiting in line.
Standing atop the Opium Hill, gaze down at the Roman Colosseum and use this perfect opportunity to grab some great photographs. Your tour begins as you head down to enter the Colosseum, bypassing the notoriously long lines with your small-group tour. Your guide describes the mind-blowing history of the amphitheater and its importance as one of ancient Rome's important social centers.
From the Palatine Hill, the most well known of the Seven Hills of Rome, you can admire sweeping panoramic views of the Roman Forum and Nero's Circus Maximus.
March along the Via Sacra, or “Sacred Road”—the main street through ancient Rome and the traditional route of Roman Triumph, through to the Roman Forum. End the tour at the temple housing the altar where Julius Caesar was cremated.
<h2>Day 01</h2>
Praesent eros turpis, commodo vel justo at, pulvinar mollis eros. Mauris aliquet eu quam id ornare. Morbi ac quam enim. Cras vitae nulla condimentum, semper dolor non, faucibus dolor. Vivamus adipiscing eros quis orci fringilla, sed pretium lectus viverra. Pellentesque habitant morbi tristique senectus et netus et malesuada fames ac turpis egestas. Donec nec velit non odio aliquam suscipit. Sed non neque faucibus, condimentum lectus at, accumsan enim. Fusce pretium egestas cursus. Etiam consectetur, orci vel rutrum volutpat, odio odio pretium nisiodo tellus libero et urna. Sed commodo ipsum ligula, id volutpat risus vehicula in. Pellentesque non massa eu nibh posuere bibendum non sed enim. Maecenas lobortis nulla sem, vel egestas dui ullamcorper ac.
<h2>Day 02</h2>
Sed scelerisque lectus sit amet faucibus sodales. Proin ut risus tortor. Etiam fermentum tellus auctor, fringilla sapien et, congue quam. In a luctus tortor. Suspendisse eget tempor libero, ut sollicitudin ligula. Nulla vulputate tincidunt est non congue. Class aptent taciti sociosqu ad litora torquent per conubia nostra, per inceptos himenaeos. Phasellus at est imperdiet, dapibus ipsum vel, lacinia nulla. Vestibulum ante ipsum primis in faucibus orci luctus et ultrices posuere cubilia Curae; Phasellus id interdum lectus, ut elementum elit. Nullam a molestie magna. Praesent eros turpis, commodo vel justo at, pulvinar mollis eros. Mauris aliquet eu quam id ornare. Morbi ac quam enim. Cras vitae nulla condimentum, semper dolor non, faucibus dolor. Vivamus adipiscing eros quis orci fringilla, sed pretium lectus viverra.
<h2>Day 03</h2>
Praesent eros turpis, commodo vel justo at, pulvinar mollis eros. Mauris aliquet eu quam id ornare. Morbi ac quam enim. Cras vitae nulla condimentum, semper dolor non, faucibus dolor. Vivamus adipiscing eros quis orci fringilla, sed pretium lectus viverra. Pellentesque habitant morbi tristique senectus et netus et malesuada fames ac turpis egestas. Donec nec velit non odio aliquam suscipit. Sed non neque faucibus, condimentum lectus at, accumsan enim. Fusce pretium egestas cursus. Etiam consectetur, orci vel rutrum volutpat, odio odio pretium nisiodo tellus libero et urna. Sed commodo ipsum ligula, id volutpat risus vehicula in. Pellentesque non massa eu nibh posuere bibendum non sed enim. Maecenas lobortis nulla

[/box]]]></content:encoded>
		<excerpt:encoded><![CDATA[]]></excerpt:encoded>
		<wp:post_id>1194</wp:post_id>
		<wp:post_date>2015-04-11 19:13:06</wp:post_date>
		<wp:post_date_gmt>2015-04-11 19:13:06</wp:post_date_gmt>
		<wp:comment_status>closed</wp:comment_status>
		<wp:ping_status>closed</wp:ping_status>
		<wp:post_name>tour-colosseum</wp:post_name>
		<wp:status>publish</wp:status>
		<wp:post_parent>0</wp:post_parent>
		<wp:menu_order>0</wp:menu_order>
		<wp:post_type>tour</wp:post_type>
		<wp:post_password></wp:post_password>
		<wp:is_sticky>0</wp:is_sticky>
		<category domain="tour_type" nicename="cultural"><![CDATA[Cultural]]></category>
		<wp:postmeta>
			<wp:meta_key>_edit_last</wp:meta_key>
			<wp:meta_value><![CDATA[1]]></wp:meta_value>
		</wp:postmeta>
		<wp:postmeta>
			<wp:meta_key>trav_gallery_imgs</wp:meta_key>
			<wp:meta_value><![CDATA[728]]></wp:meta_value>
		</wp:postmeta>
		<wp:postmeta>
			<wp:meta_key>trav_gallery_imgs</wp:meta_key>
			<wp:meta_value><![CDATA[727]]></wp:meta_value>
		</wp:postmeta>
		<wp:postmeta>
			<wp:meta_key>trav_gallery_imgs</wp:meta_key>
			<wp:meta_value><![CDATA[724]]></wp:meta_value>
		</wp:postmeta>
		<wp:postmeta>
			<wp:meta_key>trav_gallery_imgs</wp:meta_key>
			<wp:meta_value><![CDATA[722]]></wp:meta_value>
		</wp:postmeta>
		<wp:postmeta>
			<wp:meta_key>trav_gallery_imgs</wp:meta_key>
			<wp:meta_value><![CDATA[721]]></wp:meta_value>
		</wp:postmeta>
		<wp:postmeta>
			<wp:meta_key>trav_gallery_imgs</wp:meta_key>
			<wp:meta_value><![CDATA[719]]></wp:meta_value>
		</wp:postmeta>
		<wp:postmeta>
			<wp:meta_key>_thumbnail_id</wp:meta_key>
			<wp:meta_value><![CDATA[1158]]></wp:meta_value>
		</wp:postmeta>
		<wp:postmeta>
			<wp:meta_key>_wpas_done_all</wp:meta_key>
			<wp:meta_value><![CDATA[1]]></wp:meta_value>
		</wp:postmeta>
		<wp:postmeta>
			<wp:meta_key>slide_template</wp:meta_key>
			<wp:meta_value><![CDATA[default]]></wp:meta_value>
		</wp:postmeta>
		<wp:postmeta>
			<wp:meta_key>sbg_selected_sidebar</wp:meta_key>
			<wp:meta_value><![CDATA[a:1:{i:0;s:1:"0";}]]></wp:meta_value>
		</wp:postmeta>
		<wp:postmeta>
			<wp:meta_key>sbg_selected_sidebar_replacement</wp:meta_key>
			<wp:meta_value><![CDATA[a:1:{i:0;s:1:"0";}]]></wp:meta_value>
		</wp:postmeta>
		<wp:postmeta>
			<wp:meta_key>trav_tour_min_price</wp:meta_key>
			<wp:meta_value><![CDATA[250]]></wp:meta_value>
		</wp:postmeta>
		<wp:postmeta>
			<wp:meta_key>trav_tour_brief</wp:meta_key>
			<wp:meta_value><![CDATA[<ul class="features check">
<li>City Tour In 3 Hours</li>
<li>Enjoy World Famous Restaurant</li>
<li>Wine Tester Trips</li>
<li>Night Street Life in Downtown </li>
</ul>]]></wp:meta_value>
		</wp:postmeta>
		<wp:postmeta>
			<wp:meta_key>trav_tour_country</wp:meta_key>
			<wp:meta_value><![CDATA[41]]></wp:meta_value>
		</wp:postmeta>
		<wp:postmeta>
			<wp:meta_key>trav_tour_city</wp:meta_key>
			<wp:meta_value><![CDATA[42]]></wp:meta_value>
		</wp:postmeta>
		<wp:postmeta>
			<wp:meta_key>trav_tour_phone</wp:meta_key>
			<wp:meta_value><![CDATA[1-800-123-HELLO]]></wp:meta_value>
		</wp:postmeta>
		<wp:postmeta>
			<wp:meta_key>trav_tour_email</wp:meta_key>
			<wp:meta_value><![CDATA[service@soaptheme.com]]></wp:meta_value>
		</wp:postmeta>
		<wp:postmeta>
			<wp:meta_key>trav_tour_tg</wp:meta_key>
			<wp:meta_value><![CDATA[717]]></wp:meta_value>
		</wp:postmeta>
		<wp:postmeta>
			<wp:meta_key>trav_tour_security_deposit</wp:meta_key>
			<wp:meta_value><![CDATA[10]]></wp:meta_value>
		</wp:postmeta>
		<wp:postmeta>
			<wp:meta_key>trav_tour_schedule_types</wp:meta_key>
			<wp:meta_value><![CDATA[a:3:{i:0;a:3:{i:0;s:23:"Spanish Commentary Tour";i:1;s:72:"Lorem ipsum dolor sit amet, consectetur adipisicing elit, sed do eiusmod";i:2;s:7:"9:30 AM";}i:1;a:3:{i:0;s:29:"10 AM English Commentary Tour";i:1;s:72:"Lorem ipsum dolor sit amet, consectetur adipisicing elit, sed do eiusmod";i:2;s:5:"10 AM";}i:2;a:3:{i:0;s:28:"3 PM English Commentary Tour";i:1;s:72:"Lorem ipsum dolor sit amet, consectetur adipisicing elit, sed do eiusmod";i:2;s:4:"3 PM";}}]]></wp:meta_value>
		</wp:postmeta>
		<wp:postmeta>
			<wp:meta_key>trav_tour_repeated</wp:meta_key>
			<wp:meta_value><![CDATA[1]]></wp:meta_value>
		</wp:postmeta>
		<wp:postmeta>
			<wp:meta_key>trav_tour_multi_book</wp:meta_key>
			<wp:meta_value><![CDATA[0]]></wp:meta_value>
		</wp:postmeta>
		<wp:postmeta>
			<wp:meta_key>trav_tour_featured</wp:meta_key>
			<wp:meta_value><![CDATA[0]]></wp:meta_value>
		</wp:postmeta>
		<wp:postmeta>
			<wp:meta_key>trav_tour_hot</wp:meta_key>
			<wp:meta_value><![CDATA[1]]></wp:meta_value>
		</wp:postmeta>
		<wp:postmeta>
			<wp:meta_key>trav_tour_discount_rate</wp:meta_key>
			<wp:meta_value><![CDATA[10]]></wp:meta_value>
		</wp:postmeta>
		<wp:postmeta>
			<wp:meta_key>trav_tour_d_cancel_booking</wp:meta_key>
			<wp:meta_value><![CDATA[0]]></wp:meta_value>
		</wp:postmeta>
		<wp:postmeta>
			<wp:meta_key>trav_tour_sl_first</wp:meta_key>
			<wp:meta_value><![CDATA[0]]></wp:meta_value>
		</wp:postmeta>
		<wp:postmeta>
			<wp:meta_key>trav_post_media_type</wp:meta_key>
			<wp:meta_value><![CDATA[sld]]></wp:meta_value>
		</wp:postmeta>
		<wp:postmeta>
			<wp:meta_key>trav_post_gallery_type</wp:meta_key>
			<wp:meta_value><![CDATA[sld_1]]></wp:meta_value>
		</wp:postmeta>
		<wp:postmeta>
			<wp:meta_key>trav_post_direction_nav</wp:meta_key>
			<wp:meta_value><![CDATA[1]]></wp:meta_value>
		</wp:postmeta>
		<wp:postmeta>
			<wp:meta_key>trav_post_video_width</wp:meta_key>
			<wp:meta_value><![CDATA[0]]></wp:meta_value>
		</wp:postmeta>
		<wp:postmeta>
			<wp:meta_key>trav_count_post_views</wp:meta_key>
			<wp:meta_value><![CDATA[0]]></wp:meta_value>
		</wp:postmeta>
	</item>
	<item>
		<title>Florence Day</title>
		<link>http://www.soaptheme.net/wordpress/travelo/tour/florence-day/</link>
		<pubDate>Sat, 11 Apr 2015 19:42:55 +0000</pubDate>
		<dc:creator><![CDATA[admin]]></dc:creator>
		<guid isPermaLink="false">http://www.soaptheme.net/wordpress/travelo/?post_type=tour&#038;p=1195</guid>
		<description></description>
		<content:encoded><![CDATA[[map center="48.85661, 2.35222" markers="48.85661, 2.35222" height="255px" /]
[box]
<h2>General Information About Rome</h2>
Sed aliquam nunc eget velit imperdiet, in rutrum mauris malesuada. Quisque ullamcorper vulputate nisi, et fringilla ante convallis quis. Nullam vel tellus non elit suscipit volutpat. Integer id felis et nibh rutrum dignissim ut non risus. In tincidunt urna quis sem luctus, sed accumsan magna pellentesque. Donec et iaculis tellus. Vestibulum ut iaculis justo, auctor sodales lectus. Donec et tellus tempus, dignissim maurornare, consequat lacus. Integer dui neque, scelerisque nec sollicitudin sit amet, sodales a erat. Duis vitae condimentum ligula. Integer eu mi nisl. Donec massa dui, commodo id arcu quis, venenatis scelerisque velit.
<h2>Day 01</h2>
Praesent eros turpis, commodo vel justo at, pulvinar mollis eros. Mauris aliquet eu quam id ornare. Morbi ac quam enim. Cras vitae nulla condimentum, semper dolor non, faucibus dolor. Vivamus adipiscing eros quis orci fringilla, sed pretium lectus viverra. Pellentesque habitant morbi tristique senectus et netus et malesuada fames ac turpis egestas. Donec nec velit non odio aliquam suscipit. Sed non neque faucibus, condimentum lectus at, accumsan enim. Fusce pretium egestas cursus. Etiam consectetur, orci vel rutrum volutpat, odio odio pretium nisiodo tellus libero et urna. Sed commodo ipsum ligula, id volutpat risus vehicula in. Pellentesque non massa eu nibh posuere bibendum non sed enim. Maecenas lobortis nulla sem, vel egestas dui ullamcorper ac.
<h2>Day 02</h2>
Sed scelerisque lectus sit amet faucibus sodales. Proin ut risus tortor. Etiam fermentum tellus auctor, fringilla sapien et, congue quam. In a luctus tortor. Suspendisse eget tempor libero, ut sollicitudin ligula. Nulla vulputate tincidunt est non congue. Class aptent taciti sociosqu ad litora torquent per conubia nostra, per inceptos himenaeos. Phasellus at est imperdiet, dapibus ipsum vel, lacinia nulla. Vestibulum ante ipsum primis in faucibus orci luctus et ultrices posuere cubilia Curae; Phasellus id interdum lectus, ut elementum elit. Nullam a molestie magna. Praesent eros turpis, commodo vel justo at, pulvinar mollis eros. Mauris aliquet eu quam id ornare. Morbi ac quam enim. Cras vitae nulla condimentum, semper dolor non, faucibus dolor. Vivamus adipiscing eros quis orci fringilla, sed pretium lectus viverra.
<h2>Day 03</h2>
Praesent eros turpis, commodo vel justo at, pulvinar mollis eros. Mauris aliquet eu quam id ornare. Morbi ac quam enim. Cras vitae nulla condimentum, semper dolor non, faucibus dolor. Vivamus adipiscing eros quis orci fringilla, sed pretium lectus viverra. Pellentesque habitant morbi tristique senectus et netus et malesuada fames ac turpis egestas. Donec nec velit non odio aliquam suscipit. Sed non neque faucibus, condimentum lectus at, accumsan enim. Fusce pretium egestas cursus. Etiam consectetur, orci vel rutrum volutpat, odio odio pretium nisiodo tellus libero et urna. Sed commodo ipsum ligula, id volutpat risus vehicula in. Pellentesque non massa eu nibh posuere bibendum non sed enim. Maecenas lobortis nulla

[/box]]]></content:encoded>
		<excerpt:encoded><![CDATA[]]></excerpt:encoded>
		<wp:post_id>1195</wp:post_id>
		<wp:post_date>2015-04-11 19:42:55</wp:post_date>
		<wp:post_date_gmt>2015-04-11 19:42:55</wp:post_date_gmt>
		<wp:comment_status>closed</wp:comment_status>
		<wp:ping_status>closed</wp:ping_status>
		<wp:post_name>florence-day</wp:post_name>
		<wp:status>publish</wp:status>
		<wp:post_parent>0</wp:post_parent>
		<wp:menu_order>0</wp:menu_order>
		<wp:post_type>tour</wp:post_type>
		<wp:post_password></wp:post_password>
		<wp:is_sticky>0</wp:is_sticky>
		<category domain="tour_type" nicename="honeymoon"><![CDATA[Honeymoon]]></category>
		<wp:postmeta>
			<wp:meta_key>_edit_last</wp:meta_key>
			<wp:meta_value><![CDATA[1]]></wp:meta_value>
		</wp:postmeta>
		<wp:postmeta>
			<wp:meta_key>trav_gallery_imgs</wp:meta_key>
			<wp:meta_value><![CDATA[331]]></wp:meta_value>
		</wp:postmeta>
		<wp:postmeta>
			<wp:meta_key>trav_gallery_imgs</wp:meta_key>
			<wp:meta_value><![CDATA[330]]></wp:meta_value>
		</wp:postmeta>
		<wp:postmeta>
			<wp:meta_key>trav_gallery_imgs</wp:meta_key>
			<wp:meta_value><![CDATA[329]]></wp:meta_value>
		</wp:postmeta>
		<wp:postmeta>
			<wp:meta_key>trav_gallery_imgs</wp:meta_key>
			<wp:meta_value><![CDATA[327]]></wp:meta_value>
		</wp:postmeta>
		<wp:postmeta>
			<wp:meta_key>trav_gallery_imgs</wp:meta_key>
			<wp:meta_value><![CDATA[324]]></wp:meta_value>
		</wp:postmeta>
		<wp:postmeta>
			<wp:meta_key>trav_gallery_imgs</wp:meta_key>
			<wp:meta_value><![CDATA[323]]></wp:meta_value>
		</wp:postmeta>
		<wp:postmeta>
			<wp:meta_key>_thumbnail_id</wp:meta_key>
			<wp:meta_value><![CDATA[727]]></wp:meta_value>
		</wp:postmeta>
		<wp:postmeta>
			<wp:meta_key>_wpas_done_all</wp:meta_key>
			<wp:meta_value><![CDATA[1]]></wp:meta_value>
		</wp:postmeta>
		<wp:postmeta>
			<wp:meta_key>slide_template</wp:meta_key>
			<wp:meta_value><![CDATA[default]]></wp:meta_value>
		</wp:postmeta>
		<wp:postmeta>
			<wp:meta_key>trav_tour_min_price</wp:meta_key>
			<wp:meta_value><![CDATA[350]]></wp:meta_value>
		</wp:postmeta>
		<wp:postmeta>
			<wp:meta_key>trav_tour_brief</wp:meta_key>
			<wp:meta_value><![CDATA[<ul class="features check">
<li>Night Street Life in Downtown</li>
<li>City Tour In 3 Hours</li>
<li>Enjoy World Famous Restaurant</li>
<li>Wine Tester Trips</li>
</ul>]]></wp:meta_value>
		</wp:postmeta>
		<wp:postmeta>
			<wp:meta_key>trav_tour_country</wp:meta_key>
			<wp:meta_value><![CDATA[41]]></wp:meta_value>
		</wp:postmeta>
		<wp:postmeta>
			<wp:meta_key>trav_tour_city</wp:meta_key>
			<wp:meta_value><![CDATA[42]]></wp:meta_value>
		</wp:postmeta>
		<wp:postmeta>
			<wp:meta_key>trav_tour_phone</wp:meta_key>
			<wp:meta_value><![CDATA[1-800-123-HELLO]]></wp:meta_value>
		</wp:postmeta>
		<wp:postmeta>
			<wp:meta_key>trav_tour_email</wp:meta_key>
			<wp:meta_value><![CDATA[service@soaptheme.com]]></wp:meta_value>
		</wp:postmeta>
		<wp:postmeta>
			<wp:meta_key>trav_tour_tg</wp:meta_key>
			<wp:meta_value><![CDATA[717]]></wp:meta_value>
		</wp:postmeta>
		<wp:postmeta>
			<wp:meta_key>trav_tour_schedule_types</wp:meta_key>
			<wp:meta_value><![CDATA[a:2:{i:0;a:3:{i:0;s:12:"7:30 AM Tour";i:1;s:39:"Lorem ipsum dolor sit amet, consectetur";i:2;s:7:"7:30 AM";}i:1;a:3:{i:0;s:12:"4:30 PM Tour";i:1;s:39:"Lorem ipsum dolor sit amet, consectetur";i:2;s:7:"4:30 PM";}}]]></wp:meta_value>
		</wp:postmeta>
		<wp:postmeta>
			<wp:meta_key>trav_tour_repeated</wp:meta_key>
			<wp:meta_value><![CDATA[0]]></wp:meta_value>
		</wp:postmeta>
		<wp:postmeta>
			<wp:meta_key>trav_tour_multi_book</wp:meta_key>
			<wp:meta_value><![CDATA[0]]></wp:meta_value>
		</wp:postmeta>
		<wp:postmeta>
			<wp:meta_key>trav_tour_featured</wp:meta_key>
			<wp:meta_value><![CDATA[1]]></wp:meta_value>
		</wp:postmeta>
		<wp:postmeta>
			<wp:meta_key>trav_tour_hot</wp:meta_key>
			<wp:meta_value><![CDATA[0]]></wp:meta_value>
		</wp:postmeta>
		<wp:postmeta>
			<wp:meta_key>trav_tour_discount_rate</wp:meta_key>
			<wp:meta_value><![CDATA[0]]></wp:meta_value>
		</wp:postmeta>
		<wp:postmeta>
			<wp:meta_key>trav_tour_d_cancel_booking</wp:meta_key>
			<wp:meta_value><![CDATA[0]]></wp:meta_value>
		</wp:postmeta>
		<wp:postmeta>
			<wp:meta_key>trav_tour_sl_first</wp:meta_key>
			<wp:meta_value><![CDATA[1]]></wp:meta_value>
		</wp:postmeta>
		<wp:postmeta>
			<wp:meta_key>trav_post_media_type</wp:meta_key>
			<wp:meta_value><![CDATA[sld]]></wp:meta_value>
		</wp:postmeta>
		<wp:postmeta>
			<wp:meta_key>trav_post_gallery_type</wp:meta_key>
			<wp:meta_value><![CDATA[sld_with_cl]]></wp:meta_value>
		</wp:postmeta>
		<wp:postmeta>
			<wp:meta_key>trav_post_direction_nav</wp:meta_key>
			<wp:meta_value><![CDATA[1]]></wp:meta_value>
		</wp:postmeta>
		<wp:postmeta>
			<wp:meta_key>trav_post_video_width</wp:meta_key>
			<wp:meta_value><![CDATA[0]]></wp:meta_value>
		</wp:postmeta>
		<wp:postmeta>
			<wp:meta_key>_vc_post_settings</wp:meta_key>
			<wp:meta_value><![CDATA[a:2:{s:7:"vc_grid";a:0:{}s:10:"vc_grid_id";a:0:{}}]]></wp:meta_value>
		</wp:postmeta>
		<wp:postmeta>
			<wp:meta_key>sbg_selected_sidebar</wp:meta_key>
			<wp:meta_value><![CDATA[a:1:{i:0;s:1:"0";}]]></wp:meta_value>
		</wp:postmeta>
		<wp:postmeta>
			<wp:meta_key>sbg_selected_sidebar_replacement</wp:meta_key>
			<wp:meta_value><![CDATA[a:1:{i:0;s:1:"0";}]]></wp:meta_value>
		</wp:postmeta>
		<wp:postmeta>
			<wp:meta_key>trav_tour_security_deposit</wp:meta_key>
			<wp:meta_value><![CDATA[50]]></wp:meta_value>
		</wp:postmeta>
		<wp:postmeta>
			<wp:meta_key>trav_count_post_views</wp:meta_key>
			<wp:meta_value><![CDATA[0]]></wp:meta_value>
		</wp:postmeta>
	</item>
</channel>
</rss>
