<?xml version="1.0" encoding="UTF-8" ?>
<!-- This is a WordPress eXtended RSS file generated by WordPress as an export of your site. -->
<!-- It contains information about your site's posts, pages, comments, categories, and other content. -->
<!-- You may use this file to transfer that content from one site to another. -->
<!-- This file is not intended to serve as a complete backup of your site. -->

<!-- To import this information into a WordPress site follow these steps: -->
<!-- 1. Log in to that site as an administrator. -->
<!-- 2. Go to Tools: Import in the WordPress admin panel. -->
<!-- 3. Install the "WordPress" importer from the list. -->
<!-- 4. Activate & Run Importer. -->
<!-- 5. Upload this file using the form provided on that page. -->
<!-- 6. You will first be asked to map the authors in this export file to users -->
<!--    on the site. For each author, you may choose to map to an -->
<!--    existing user on the site or to create a new user. -->
<!-- 7. WordPress will then import each of the posts, pages, comments, categories, etc. -->
<!--    contained in this file into your site. -->

<!-- generator="WordPress/4.3.3" created="2016-03-23 13:31" -->
<rss version="2.0"
	xmlns:excerpt="http://wordpress.org/export/1.2/excerpt/"
	xmlns:content="http://purl.org/rss/1.0/modules/content/"
	xmlns:wfw="http://wellformedweb.org/CommentAPI/"
	xmlns:dc="http://purl.org/dc/elements/1.1/"
	xmlns:wp="http://wordpress.org/export/1.2/"
>

<channel>
	<title>Travelo - Travel/Tour Booking WordPress Theme</title>
	<link>http://www.soaptheme.net/wordpress/travelo</link>
	<description>Just another WordPress site</description>
	<pubDate>Wed, 23 Mar 2016 13:31:21 +0000</pubDate>
	<language>en-US</language>
	<wp:wxr_version>1.2</wp:wxr_version>
	<wp:base_site_url>http://www.soaptheme.net/wordpress/travelo</wp:base_site_url>
	<wp:base_blog_url>http://www.soaptheme.net/wordpress/travelo</wp:base_blog_url>

	<wp:author><wp:author_id>1</wp:author_id><wp:author_login>admin</wp:author_login><wp:author_email>soaptheme@gmail.com</wp:author_email><wp:author_display_name><![CDATA[admin]]></wp:author_display_name><wp:author_first_name><![CDATA[egor]]></wp:author_first_name><wp:author_last_name><![CDATA[putin]]></wp:author_last_name></wp:author>


	<generator>http://wordpress.org/?v=4.3.3</generator>

	<item>
		<title>Standard single image post</title>
		<link>http://www.soaptheme.net/wordpress/travelo/standard-single-image-post/</link>
		<pubDate>Wed, 05 Nov 2014 15:57:54 +0000</pubDate>
		<dc:creator><![CDATA[admin]]></dc:creator>
		<guid isPermaLink="false">http://www.soaptheme.net/wordpress/travelo/?p=257</guid>
		<description></description>
		<content:encoded><![CDATA[<p>Lorem Ipsum is simply dummy text of the printing and typesetting industry. Lorem Ipsum has been the industry's stand dummy text ever since the 1500s, when an unknown printer took a galley of type and scrambled it to make a neque a tortor tempor in porta sem vulputate. Donec varius felis fermentum nis type specimen book. It has survived not only five centuries.Phasellus vehicula justo eget diam posuere sollicitudin eu tincidunt nulla. Curabitur eleifend  tempor magna, in scelerisque urna placerat vel. Phasellus eget sem id justo consequat egestas quis facilisis metus.Phasellus vehicula justo eget diam posuere sollicitudin eu tincidunt nulla. Curabitur eleifend tempor magna, in scelerisque urna placerat vel. Phasellus eget sem id justo consequat egestas quis facilisis metus.</p>
                                    <div class="border-box">
                                        <blockquote class="style2"><p>Vivamus sit amet lectus venenatis est rhoncus interdum a vitae velit Massa sagittis vestibulum. Vestibulum pretium blandit tellus, sodales volutpat sapien varius vel. Phasellus tristique cursus erat, a placerat tellus laoreet egeat. Fusce vitae dui sit amet lacus rutrum convallis. Vivamus sit amet lectus venenatis est rhoncus interdum a vitae velit sodales volutpat sapien varius vel. </p></blockquote>
                                    </div>
                                    <p>Suspendisse blandit ligula turpis, ac convallis risus fermentum non. Duis vestibulum quis quam vel accumsan. Nunc a vulputate lectus. Vestibulum eleifend nisl sed massa sagittis vestibulum. Vestibulum pretium blandit tellus, sodales volutpat sapien varius vel. Phasellus tristique cursus erat, a placerat tellus laoreet eget. Fusce vitae dui sit amet lacus rutrum convallis. Vivamus sit amet lectus venenatis est rhoncus interdum a vitae velit. Suspendisse blandit ligula turpis, ac convallis risus fermentum non. Duis vestibulum quis quam vel accumsan. Nunc a vulputate lectus. Vestibulum eleifend nisl sed massa sagittis vestibulum. Vestibulum pretium blandit tellus, sodales volutpat sapien varius vel. Phasellus tristique cursus erat, a placerat tellus laoreet eget. Fusce vitae dui sit amet lacus rutrum convallis. Vivamus sit amet lectus venenatis est rhoncus interdum a vitae velit.</p>
                                    <p>Massa sagittis vestibulum. Vestibulum pretium blandit tellus, sodales volutpat sapien varius vel. Phasellus tristique cursus erat, a placerat tellus laoreet eget. Fusce vitae dui sit amet lacus rutrum convallis. Vivamus sit amet lectus venenatis est rhoncus interdum a vitae velit.</p>]]></content:encoded>
		<excerpt:encoded><![CDATA[]]></excerpt:encoded>
		<wp:post_id>257</wp:post_id>
		<wp:post_date>2014-11-05 15:57:54</wp:post_date>
		<wp:post_date_gmt>2014-11-05 15:57:54</wp:post_date_gmt>
		<wp:comment_status>open</wp:comment_status>
		<wp:ping_status>open</wp:ping_status>
		<wp:post_name>standard-single-image-post</wp:post_name>
		<wp:status>publish</wp:status>
		<wp:post_parent>0</wp:post_parent>
		<wp:menu_order>0</wp:menu_order>
		<wp:post_type>post</wp:post_type>
		<wp:post_password></wp:post_password>
		<wp:is_sticky>0</wp:is_sticky>
		<category domain="post_tag" nicename="adventure"><![CDATA[Adventure]]></category>
		<category domain="post_tag" nicename="romance"><![CDATA[Romance]]></category>
		<category domain="category" nicename="uncategorized"><![CDATA[Uncategorized]]></category>
		<wp:postmeta>
			<wp:meta_key>_edit_last</wp:meta_key>
			<wp:meta_value><![CDATA[1]]></wp:meta_value>
		</wp:postmeta>
		<wp:postmeta>
			<wp:meta_key>slide_template</wp:meta_key>
			<wp:meta_value><![CDATA[default]]></wp:meta_value>
		</wp:postmeta>
		<wp:postmeta>
			<wp:meta_key>trav_post_media_type</wp:meta_key>
			<wp:meta_value><![CDATA[img]]></wp:meta_value>
		</wp:postmeta>
		<wp:postmeta>
			<wp:meta_key>trav_post_gallery_type</wp:meta_key>
			<wp:meta_value><![CDATA[sld_1]]></wp:meta_value>
		</wp:postmeta>
		<wp:postmeta>
			<wp:meta_key>trav_count_post_views</wp:meta_key>
			<wp:meta_value><![CDATA[7227]]></wp:meta_value>
		</wp:postmeta>
		<wp:postmeta>
			<wp:meta_key>trav_ttd_video_width</wp:meta_key>
			<wp:meta_value><![CDATA[0]]></wp:meta_value>
		</wp:postmeta>
		<wp:postmeta>
			<wp:meta_key>trav_post_video_width</wp:meta_key>
			<wp:meta_value><![CDATA[0]]></wp:meta_value>
		</wp:postmeta>
		<wp:postmeta>
			<wp:meta_key>_thumbnail_id</wp:meta_key>
			<wp:meta_value><![CDATA[312]]></wp:meta_value>
		</wp:postmeta>
		<wp:postmeta>
			<wp:meta_key>sbg_selected_sidebar</wp:meta_key>
			<wp:meta_value><![CDATA[a:1:{i:0;s:1:"0";}]]></wp:meta_value>
		</wp:postmeta>
		<wp:postmeta>
			<wp:meta_key>sbg_selected_sidebar_replacement</wp:meta_key>
			<wp:meta_value><![CDATA[a:1:{i:0;s:1:"0";}]]></wp:meta_value>
		</wp:postmeta>
		<wp:postmeta>
			<wp:meta_key>_vc_post_settings</wp:meta_key>
			<wp:meta_value><![CDATA[a:2:{s:7:"vc_grid";a:0:{}s:10:"vc_grid_id";a:0:{}}]]></wp:meta_value>
		</wp:postmeta>
		<wp:comment>
			<wp:comment_id>2</wp:comment_id>
			<wp:comment_author><![CDATA[admin]]></wp:comment_author>
			<wp:comment_author_email>soaptheme@gmail.com</wp:comment_author_email>
			<wp:comment_author_url></wp:comment_author_url>
			<wp:comment_author_IP>113.29.228.227</wp:comment_author_IP>
			<wp:comment_date>2014-11-06 00:59:25</wp:comment_date>
			<wp:comment_date_gmt>2014-11-06 00:59:25</wp:comment_date_gmt>
			<wp:comment_content><![CDATA[Lorem Ipsum is simply dummy text of the printing and typesetting industry. Lorem Ipsum has been the industry's stand dummy text ever since the 1500s, when an unknown printer took.]]></wp:comment_content>
			<wp:comment_approved>1</wp:comment_approved>
			<wp:comment_type></wp:comment_type>
			<wp:comment_parent>0</wp:comment_parent>
			<wp:comment_user_id>1</wp:comment_user_id>
		</wp:comment>
	</item>
	<item>
		<title>Slideshow post with slider</title>
		<link>http://www.soaptheme.net/wordpress/travelo/slideshow-post-with-slider/</link>
		<pubDate>Thu, 06 Nov 2014 02:02:05 +0000</pubDate>
		<dc:creator><![CDATA[admin]]></dc:creator>
		<guid isPermaLink="false">http://www.soaptheme.net/wordpress/travelo/?p=260</guid>
		<description></description>
		<content:encoded><![CDATA[Lorem ipsum dolor sit amet, consectetur adipisicing elit, sed do eiusmod tempor incididunt ut labore et dolore magna aliqua. Ut enim ad minim veniam, quis nostrud exercitation ullamco laboris nisi ut aliquip ex ea commodo consequat. Duis aute irure dolor in reprehenderit in voluptate velit esse cillum dolore eu fugiat nulla pariatur. Excepteur sint occaecat cupidatat non proident, sunt in culpa qui officia deserunt mollit anim id est laborum.]]></content:encoded>
		<excerpt:encoded><![CDATA[]]></excerpt:encoded>
		<wp:post_id>260</wp:post_id>
		<wp:post_date>2014-11-06 02:02:05</wp:post_date>
		<wp:post_date_gmt>2014-11-06 02:02:05</wp:post_date_gmt>
		<wp:comment_status>open</wp:comment_status>
		<wp:ping_status>open</wp:ping_status>
		<wp:post_name>slideshow-post-with-slider</wp:post_name>
		<wp:status>publish</wp:status>
		<wp:post_parent>0</wp:post_parent>
		<wp:menu_order>0</wp:menu_order>
		<wp:post_type>post</wp:post_type>
		<wp:post_password></wp:post_password>
		<wp:is_sticky>0</wp:is_sticky>
		<category domain="category" nicename="uncategorized"><![CDATA[Uncategorized]]></category>
		<wp:postmeta>
			<wp:meta_key>_edit_last</wp:meta_key>
			<wp:meta_value><![CDATA[1]]></wp:meta_value>
		</wp:postmeta>
		<wp:postmeta>
			<wp:meta_key>slide_template</wp:meta_key>
			<wp:meta_value><![CDATA[default]]></wp:meta_value>
		</wp:postmeta>
		<wp:postmeta>
			<wp:meta_key>trav_post_media_type</wp:meta_key>
			<wp:meta_value><![CDATA[sld]]></wp:meta_value>
		</wp:postmeta>
		<wp:postmeta>
			<wp:meta_key>trav_post_gallery_type</wp:meta_key>
			<wp:meta_value><![CDATA[sld_1]]></wp:meta_value>
		</wp:postmeta>
		<wp:postmeta>
			<wp:meta_key>trav_count_post_views</wp:meta_key>
			<wp:meta_value><![CDATA[2977]]></wp:meta_value>
		</wp:postmeta>
		<wp:postmeta>
			<wp:meta_key>trav_ttd_video_width</wp:meta_key>
			<wp:meta_value><![CDATA[0]]></wp:meta_value>
		</wp:postmeta>
		<wp:postmeta>
			<wp:meta_key>trav_post_video_width</wp:meta_key>
			<wp:meta_value><![CDATA[0]]></wp:meta_value>
		</wp:postmeta>
		<wp:postmeta>
			<wp:meta_key>_thumbnail_id</wp:meta_key>
			<wp:meta_value><![CDATA[304]]></wp:meta_value>
		</wp:postmeta>
		<wp:postmeta>
			<wp:meta_key>trav_gallery_imgs</wp:meta_key>
			<wp:meta_value><![CDATA[305]]></wp:meta_value>
		</wp:postmeta>
		<wp:postmeta>
			<wp:meta_key>trav_gallery_imgs</wp:meta_key>
			<wp:meta_value><![CDATA[304]]></wp:meta_value>
		</wp:postmeta>
		<wp:postmeta>
			<wp:meta_key>trav_gallery_imgs</wp:meta_key>
			<wp:meta_value><![CDATA[306]]></wp:meta_value>
		</wp:postmeta>
		<wp:postmeta>
			<wp:meta_key>trav_gallery_imgs</wp:meta_key>
			<wp:meta_value><![CDATA[307]]></wp:meta_value>
		</wp:postmeta>
		<wp:postmeta>
			<wp:meta_key>sbg_selected_sidebar</wp:meta_key>
			<wp:meta_value><![CDATA[a:1:{i:0;s:1:"0";}]]></wp:meta_value>
		</wp:postmeta>
		<wp:postmeta>
			<wp:meta_key>sbg_selected_sidebar_replacement</wp:meta_key>
			<wp:meta_value><![CDATA[a:1:{i:0;s:1:"0";}]]></wp:meta_value>
		</wp:postmeta>
		<wp:postmeta>
			<wp:meta_key>trav_post_direction_nav</wp:meta_key>
			<wp:meta_value><![CDATA[1]]></wp:meta_value>
		</wp:postmeta>
	</item>
	<item>
		<title>Gallery post with slider</title>
		<link>http://www.soaptheme.net/wordpress/travelo/gallery-post-with-slider/</link>
		<pubDate>Thu, 06 Nov 2014 02:04:09 +0000</pubDate>
		<dc:creator><![CDATA[admin]]></dc:creator>
		<guid isPermaLink="false">http://www.soaptheme.net/wordpress/travelo/?p=265</guid>
		<description></description>
		<content:encoded><![CDATA[Lorem ipsum dolor sit amet, consectetur adipisicing elit, sed do eiusmod tempor incididunt ut labore et dolore magna aliqua. Ut enim ad minim veniam, quis nostrud exercitation ullamco laboris nisi ut aliquip ex ea commodo consequat. Duis aute irure dolor in reprehenderit in voluptate velit esse cillum dolore eu fugiat nulla pariatur. Excepteur sint occaecat cupidatat non proident, sunt in culpa qui officia deserunt mollit anim id est laborum.]]></content:encoded>
		<excerpt:encoded><![CDATA[]]></excerpt:encoded>
		<wp:post_id>265</wp:post_id>
		<wp:post_date>2014-11-06 02:04:09</wp:post_date>
		<wp:post_date_gmt>2014-11-06 02:04:09</wp:post_date_gmt>
		<wp:comment_status>open</wp:comment_status>
		<wp:ping_status>open</wp:ping_status>
		<wp:post_name>gallery-post-with-slider</wp:post_name>
		<wp:status>publish</wp:status>
		<wp:post_parent>0</wp:post_parent>
		<wp:menu_order>0</wp:menu_order>
		<wp:post_type>post</wp:post_type>
		<wp:post_password></wp:post_password>
		<wp:is_sticky>0</wp:is_sticky>
		<category domain="category" nicename="uncategorized"><![CDATA[Uncategorized]]></category>
		<wp:postmeta>
			<wp:meta_key>_edit_last</wp:meta_key>
			<wp:meta_value><![CDATA[1]]></wp:meta_value>
		</wp:postmeta>
		<wp:postmeta>
			<wp:meta_key>slide_template</wp:meta_key>
			<wp:meta_value><![CDATA[default]]></wp:meta_value>
		</wp:postmeta>
		<wp:postmeta>
			<wp:meta_key>trav_post_media_type</wp:meta_key>
			<wp:meta_value><![CDATA[sld]]></wp:meta_value>
		</wp:postmeta>
		<wp:postmeta>
			<wp:meta_key>trav_post_gallery_type</wp:meta_key>
			<wp:meta_value><![CDATA[sld_with_cl]]></wp:meta_value>
		</wp:postmeta>
		<wp:postmeta>
			<wp:meta_key>trav_count_post_views</wp:meta_key>
			<wp:meta_value><![CDATA[2303]]></wp:meta_value>
		</wp:postmeta>
		<wp:postmeta>
			<wp:meta_key>trav_ttd_video_width</wp:meta_key>
			<wp:meta_value><![CDATA[0]]></wp:meta_value>
		</wp:postmeta>
		<wp:postmeta>
			<wp:meta_key>trav_post_video_width</wp:meta_key>
			<wp:meta_value><![CDATA[0]]></wp:meta_value>
		</wp:postmeta>
		<wp:postmeta>
			<wp:meta_key>_thumbnail_id</wp:meta_key>
			<wp:meta_value><![CDATA[307]]></wp:meta_value>
		</wp:postmeta>
		<wp:postmeta>
			<wp:meta_key>trav_gallery_imgs</wp:meta_key>
			<wp:meta_value><![CDATA[306]]></wp:meta_value>
		</wp:postmeta>
		<wp:postmeta>
			<wp:meta_key>trav_gallery_imgs</wp:meta_key>
			<wp:meta_value><![CDATA[307]]></wp:meta_value>
		</wp:postmeta>
		<wp:postmeta>
			<wp:meta_key>trav_gallery_imgs</wp:meta_key>
			<wp:meta_value><![CDATA[305]]></wp:meta_value>
		</wp:postmeta>
		<wp:postmeta>
			<wp:meta_key>trav_gallery_imgs</wp:meta_key>
			<wp:meta_value><![CDATA[304]]></wp:meta_value>
		</wp:postmeta>
		<wp:postmeta>
			<wp:meta_key>sbg_selected_sidebar</wp:meta_key>
			<wp:meta_value><![CDATA[a:1:{i:0;s:1:"0";}]]></wp:meta_value>
		</wp:postmeta>
		<wp:postmeta>
			<wp:meta_key>sbg_selected_sidebar_replacement</wp:meta_key>
			<wp:meta_value><![CDATA[a:1:{i:0;s:1:"0";}]]></wp:meta_value>
		</wp:postmeta>
		<wp:postmeta>
			<wp:meta_key>trav_post_direction_nav</wp:meta_key>
			<wp:meta_value><![CDATA[1]]></wp:meta_value>
		</wp:postmeta>
	</item>
	<item>
		<title>Slideshow post without slider</title>
		<link>http://www.soaptheme.net/wordpress/travelo/slideshow-post-without-slider/</link>
		<pubDate>Thu, 06 Nov 2014 02:05:30 +0000</pubDate>
		<dc:creator><![CDATA[admin]]></dc:creator>
		<guid isPermaLink="false">http://www.soaptheme.net/wordpress/travelo/?p=267</guid>
		<description></description>
		<content:encoded><![CDATA[Lorem ipsum dolor sit amet, consectetur adipisicing elit, sed do eiusmod tempor incididunt ut labore et dolore magna aliqua. Ut enim ad minim veniam, quis nostrud exercitation ullamco laboris nisi ut aliquip ex ea commodo consequat. Duis aute irure dolor in reprehenderit in voluptate velit esse cillum dolore eu fugiat nulla pariatur. Excepteur sint occaecat cupidatat non proident, sunt in culpa qui officia deserunt mollit anim id est laborum.]]></content:encoded>
		<excerpt:encoded><![CDATA[]]></excerpt:encoded>
		<wp:post_id>267</wp:post_id>
		<wp:post_date>2014-11-06 02:05:30</wp:post_date>
		<wp:post_date_gmt>2014-11-06 02:05:30</wp:post_date_gmt>
		<wp:comment_status>open</wp:comment_status>
		<wp:ping_status>open</wp:ping_status>
		<wp:post_name>slideshow-post-without-slider</wp:post_name>
		<wp:status>publish</wp:status>
		<wp:post_parent>0</wp:post_parent>
		<wp:menu_order>0</wp:menu_order>
		<wp:post_type>post</wp:post_type>
		<wp:post_password></wp:post_password>
		<wp:is_sticky>0</wp:is_sticky>
		<category domain="category" nicename="uncategorized"><![CDATA[Uncategorized]]></category>
		<wp:postmeta>
			<wp:meta_key>_edit_last</wp:meta_key>
			<wp:meta_value><![CDATA[1]]></wp:meta_value>
		</wp:postmeta>
		<wp:postmeta>
			<wp:meta_key>slide_template</wp:meta_key>
			<wp:meta_value><![CDATA[default]]></wp:meta_value>
		</wp:postmeta>
		<wp:postmeta>
			<wp:meta_key>trav_post_media_type</wp:meta_key>
			<wp:meta_value><![CDATA[sld]]></wp:meta_value>
		</wp:postmeta>
		<wp:postmeta>
			<wp:meta_key>trav_post_gallery_type</wp:meta_key>
			<wp:meta_value><![CDATA[sld_2]]></wp:meta_value>
		</wp:postmeta>
		<wp:postmeta>
			<wp:meta_key>trav_count_post_views</wp:meta_key>
			<wp:meta_value><![CDATA[2449]]></wp:meta_value>
		</wp:postmeta>
		<wp:postmeta>
			<wp:meta_key>trav_ttd_video_width</wp:meta_key>
			<wp:meta_value><![CDATA[0]]></wp:meta_value>
		</wp:postmeta>
		<wp:postmeta>
			<wp:meta_key>trav_post_video_width</wp:meta_key>
			<wp:meta_value><![CDATA[0]]></wp:meta_value>
		</wp:postmeta>
		<wp:postmeta>
			<wp:meta_key>_thumbnail_id</wp:meta_key>
			<wp:meta_value><![CDATA[306]]></wp:meta_value>
		</wp:postmeta>
		<wp:postmeta>
			<wp:meta_key>trav_gallery_imgs</wp:meta_key>
			<wp:meta_value><![CDATA[307]]></wp:meta_value>
		</wp:postmeta>
		<wp:postmeta>
			<wp:meta_key>trav_gallery_imgs</wp:meta_key>
			<wp:meta_value><![CDATA[306]]></wp:meta_value>
		</wp:postmeta>
		<wp:postmeta>
			<wp:meta_key>trav_gallery_imgs</wp:meta_key>
			<wp:meta_value><![CDATA[305]]></wp:meta_value>
		</wp:postmeta>
		<wp:postmeta>
			<wp:meta_key>trav_gallery_imgs</wp:meta_key>
			<wp:meta_value><![CDATA[304]]></wp:meta_value>
		</wp:postmeta>
		<wp:postmeta>
			<wp:meta_key>sbg_selected_sidebar</wp:meta_key>
			<wp:meta_value><![CDATA[a:1:{i:0;s:1:"0";}]]></wp:meta_value>
		</wp:postmeta>
		<wp:postmeta>
			<wp:meta_key>sbg_selected_sidebar_replacement</wp:meta_key>
			<wp:meta_value><![CDATA[a:1:{i:0;s:1:"0";}]]></wp:meta_value>
		</wp:postmeta>
	</item>
	<item>
		<title>Post without featured image</title>
		<link>http://www.soaptheme.net/wordpress/travelo/post-without-a-featured-image/</link>
		<pubDate>Thu, 06 Nov 2014 02:06:51 +0000</pubDate>
		<dc:creator><![CDATA[admin]]></dc:creator>
		<guid isPermaLink="false">http://www.soaptheme.net/wordpress/travelo/?p=269</guid>
		<description></description>
		<content:encoded><![CDATA[Lorem ipsum dolor sit amet, consectetur adipisicing elit, sed do eiusmod tempor incididunt ut labore et dolore magna aliqua. Ut enim ad minim veniam, quis nostrud exercitation ullamco laboris nisi ut aliquip ex ea commodo consequat. Duis aute irure dolor in reprehenderit in voluptate velit esse cillum dolore eu fugiat nulla pariatur. Excepteur sint occaecat cupidatat non proident, sunt in culpa qui officia deserunt mollit anim id est laborum.]]></content:encoded>
		<excerpt:encoded><![CDATA[]]></excerpt:encoded>
		<wp:post_id>269</wp:post_id>
		<wp:post_date>2014-11-06 02:06:51</wp:post_date>
		<wp:post_date_gmt>2014-11-06 02:06:51</wp:post_date_gmt>
		<wp:comment_status>open</wp:comment_status>
		<wp:ping_status>open</wp:ping_status>
		<wp:post_name>post-without-a-featured-image</wp:post_name>
		<wp:status>publish</wp:status>
		<wp:post_parent>0</wp:post_parent>
		<wp:menu_order>0</wp:menu_order>
		<wp:post_type>post</wp:post_type>
		<wp:post_password></wp:post_password>
		<wp:is_sticky>0</wp:is_sticky>
		<category domain="category" nicename="uncategorized"><![CDATA[Uncategorized]]></category>
		<wp:postmeta>
			<wp:meta_key>_edit_last</wp:meta_key>
			<wp:meta_value><![CDATA[1]]></wp:meta_value>
		</wp:postmeta>
		<wp:postmeta>
			<wp:meta_key>slide_template</wp:meta_key>
			<wp:meta_value><![CDATA[default]]></wp:meta_value>
		</wp:postmeta>
		<wp:postmeta>
			<wp:meta_key>trav_post_media_type</wp:meta_key>
			<wp:meta_value><![CDATA[no]]></wp:meta_value>
		</wp:postmeta>
		<wp:postmeta>
			<wp:meta_key>trav_post_gallery_type</wp:meta_key>
			<wp:meta_value><![CDATA[sld_1]]></wp:meta_value>
		</wp:postmeta>
		<wp:postmeta>
			<wp:meta_key>trav_count_post_views</wp:meta_key>
			<wp:meta_value><![CDATA[2568]]></wp:meta_value>
		</wp:postmeta>
		<wp:postmeta>
			<wp:meta_key>trav_ttd_video_width</wp:meta_key>
			<wp:meta_value><![CDATA[0]]></wp:meta_value>
		</wp:postmeta>
		<wp:postmeta>
			<wp:meta_key>trav_post_video_width</wp:meta_key>
			<wp:meta_value><![CDATA[0]]></wp:meta_value>
		</wp:postmeta>
		<wp:postmeta>
			<wp:meta_key>_thumbnail_id</wp:meta_key>
			<wp:meta_value><![CDATA[307]]></wp:meta_value>
		</wp:postmeta>
		<wp:postmeta>
			<wp:meta_key>sbg_selected_sidebar</wp:meta_key>
			<wp:meta_value><![CDATA[a:1:{i:0;s:1:"0";}]]></wp:meta_value>
		</wp:postmeta>
		<wp:postmeta>
			<wp:meta_key>sbg_selected_sidebar_replacement</wp:meta_key>
			<wp:meta_value><![CDATA[a:1:{i:0;s:1:"0";}]]></wp:meta_value>
		</wp:postmeta>
	</item>
	<item>
		<title>Travelo with video post</title>
		<link>http://www.soaptheme.net/wordpress/travelo/travelo-with-video-post/</link>
		<pubDate>Thu, 06 Nov 2014 02:14:57 +0000</pubDate>
		<dc:creator><![CDATA[admin]]></dc:creator>
		<guid isPermaLink="false">http://www.soaptheme.net/wordpress/travelo/?p=271</guid>
		<description></description>
		<content:encoded><![CDATA[Lorem ipsum dolor sit amet, consectetur adipisicing elit, sed do eiusmod tempor incididunt ut labore et dolore magna aliqua. Ut enim ad minim veniam, quis nostrud exercitation ullamco laboris nisi ut aliquip ex ea commodo consequat. Duis aute irure dolor in reprehenderit in voluptate velit esse cillum dolore eu fugiat nulla pariatur. Excepteur sint occaecat cupidatat non proident, sunt in culpa qui officia deserunt mollit anim id est laborum.]]></content:encoded>
		<excerpt:encoded><![CDATA[]]></excerpt:encoded>
		<wp:post_id>271</wp:post_id>
		<wp:post_date>2014-11-06 02:14:57</wp:post_date>
		<wp:post_date_gmt>2014-11-06 02:14:57</wp:post_date_gmt>
		<wp:comment_status>open</wp:comment_status>
		<wp:ping_status>open</wp:ping_status>
		<wp:post_name>travelo-with-video-post</wp:post_name>
		<wp:status>publish</wp:status>
		<wp:post_parent>0</wp:post_parent>
		<wp:menu_order>0</wp:menu_order>
		<wp:post_type>post</wp:post_type>
		<wp:post_password></wp:post_password>
		<wp:is_sticky>0</wp:is_sticky>
		<category domain="category" nicename="uncategorized"><![CDATA[Uncategorized]]></category>
		<wp:postmeta>
			<wp:meta_key>_edit_last</wp:meta_key>
			<wp:meta_value><![CDATA[1]]></wp:meta_value>
		</wp:postmeta>
		<wp:postmeta>
			<wp:meta_key>slide_template</wp:meta_key>
			<wp:meta_value><![CDATA[default]]></wp:meta_value>
		</wp:postmeta>
		<wp:postmeta>
			<wp:meta_key>trav_post_media_type</wp:meta_key>
			<wp:meta_value><![CDATA[video]]></wp:meta_value>
		</wp:postmeta>
		<wp:postmeta>
			<wp:meta_key>trav_post_gallery_type</wp:meta_key>
			<wp:meta_value><![CDATA[sld_1]]></wp:meta_value>
		</wp:postmeta>
		<wp:postmeta>
			<wp:meta_key>trav_post_video</wp:meta_key>
			<wp:meta_value><![CDATA[<iframe src="http://www.youtube.com/embed/mcixldqDIEQ?wmode=transparent" allowfullscreen></iframe>]]></wp:meta_value>
		</wp:postmeta>
		<wp:postmeta>
			<wp:meta_key>trav_count_post_views</wp:meta_key>
			<wp:meta_value><![CDATA[2813]]></wp:meta_value>
		</wp:postmeta>
		<wp:postmeta>
			<wp:meta_key>trav_ttd_video_width</wp:meta_key>
			<wp:meta_value><![CDATA[0]]></wp:meta_value>
		</wp:postmeta>
		<wp:postmeta>
			<wp:meta_key>trav_post_video_width</wp:meta_key>
			<wp:meta_value><![CDATA[1]]></wp:meta_value>
		</wp:postmeta>
		<wp:postmeta>
			<wp:meta_key>_thumbnail_id</wp:meta_key>
			<wp:meta_value><![CDATA[312]]></wp:meta_value>
		</wp:postmeta>
		<wp:postmeta>
			<wp:meta_key>sbg_selected_sidebar</wp:meta_key>
			<wp:meta_value><![CDATA[a:1:{i:0;s:1:"0";}]]></wp:meta_value>
		</wp:postmeta>
		<wp:postmeta>
			<wp:meta_key>sbg_selected_sidebar_replacement</wp:meta_key>
			<wp:meta_value><![CDATA[a:1:{i:0;s:1:"0";}]]></wp:meta_value>
		</wp:postmeta>
	</item>
	<item>
		<title>Travel Insurance</title>
		<link>http://www.soaptheme.net/wordpress/travelo/travel-insurance/</link>
		<pubDate>Tue, 11 Nov 2014 16:01:23 +0000</pubDate>
		<dc:creator><![CDATA[admin]]></dc:creator>
		<guid isPermaLink="false">http://www.soaptheme.net/wordpress/travelo/?p=340</guid>
		<description></description>
		<content:encoded><![CDATA[Purus ac congue arcu cursus ut vitae pulvinar massaidp.
Lorem ipsum dolor sit amet, consectetur adipisicing elit, sed do eiusmod tempor incididunt ut labore et dolore magna aliqua. Ut enim ad minim veniam, quis nostrud exercitation ullamco laboris nisi ut aliquip ex ea commodo consequat. Duis aute irure dolor in reprehenderit in voluptate velit esse cillum dolore eu fugiat nulla pariatur. Excepteur sint occaecat cupidatat non proident, sunt in culpa qui officia deserunt mollit anim id est laborum.]]></content:encoded>
		<excerpt:encoded><![CDATA[]]></excerpt:encoded>
		<wp:post_id>340</wp:post_id>
		<wp:post_date>2014-11-11 16:01:23</wp:post_date>
		<wp:post_date_gmt>2014-11-11 16:01:23</wp:post_date_gmt>
		<wp:comment_status>open</wp:comment_status>
		<wp:ping_status>open</wp:ping_status>
		<wp:post_name>travel-insurance</wp:post_name>
		<wp:status>publish</wp:status>
		<wp:post_parent>0</wp:post_parent>
		<wp:menu_order>0</wp:menu_order>
		<wp:post_type>post</wp:post_type>
		<wp:post_password></wp:post_password>
		<wp:is_sticky>0</wp:is_sticky>
		<category domain="category" nicename="uncategorized"><![CDATA[Uncategorized]]></category>
		<wp:postmeta>
			<wp:meta_key>_edit_last</wp:meta_key>
			<wp:meta_value><![CDATA[1]]></wp:meta_value>
		</wp:postmeta>
		<wp:postmeta>
			<wp:meta_key>_thumbnail_id</wp:meta_key>
			<wp:meta_value><![CDATA[318]]></wp:meta_value>
		</wp:postmeta>
		<wp:postmeta>
			<wp:meta_key>slide_template</wp:meta_key>
			<wp:meta_value><![CDATA[default]]></wp:meta_value>
		</wp:postmeta>
		<wp:postmeta>
			<wp:meta_key>trav_ttd_video_width</wp:meta_key>
			<wp:meta_value><![CDATA[0]]></wp:meta_value>
		</wp:postmeta>
		<wp:postmeta>
			<wp:meta_key>trav_post_media_type</wp:meta_key>
			<wp:meta_value><![CDATA[sld]]></wp:meta_value>
		</wp:postmeta>
		<wp:postmeta>
			<wp:meta_key>trav_post_gallery_type</wp:meta_key>
			<wp:meta_value><![CDATA[sld_with_cl]]></wp:meta_value>
		</wp:postmeta>
		<wp:postmeta>
			<wp:meta_key>trav_post_video_width</wp:meta_key>
			<wp:meta_value><![CDATA[0]]></wp:meta_value>
		</wp:postmeta>
		<wp:postmeta>
			<wp:meta_key>trav_count_post_views</wp:meta_key>
			<wp:meta_value><![CDATA[4329]]></wp:meta_value>
		</wp:postmeta>
		<wp:postmeta>
			<wp:meta_key>trav_gallery_imgs</wp:meta_key>
			<wp:meta_value><![CDATA[329]]></wp:meta_value>
		</wp:postmeta>
		<wp:postmeta>
			<wp:meta_key>trav_gallery_imgs</wp:meta_key>
			<wp:meta_value><![CDATA[328]]></wp:meta_value>
		</wp:postmeta>
		<wp:postmeta>
			<wp:meta_key>trav_gallery_imgs</wp:meta_key>
			<wp:meta_value><![CDATA[327]]></wp:meta_value>
		</wp:postmeta>
		<wp:postmeta>
			<wp:meta_key>trav_gallery_imgs</wp:meta_key>
			<wp:meta_value><![CDATA[326]]></wp:meta_value>
		</wp:postmeta>
		<wp:postmeta>
			<wp:meta_key>trav_gallery_imgs</wp:meta_key>
			<wp:meta_value><![CDATA[325]]></wp:meta_value>
		</wp:postmeta>
		<wp:postmeta>
			<wp:meta_key>trav_gallery_imgs</wp:meta_key>
			<wp:meta_value><![CDATA[324]]></wp:meta_value>
		</wp:postmeta>
		<wp:postmeta>
			<wp:meta_key>trav_gallery_imgs</wp:meta_key>
			<wp:meta_value><![CDATA[323]]></wp:meta_value>
		</wp:postmeta>
		<wp:postmeta>
			<wp:meta_key>trav_gallery_imgs</wp:meta_key>
			<wp:meta_value><![CDATA[322]]></wp:meta_value>
		</wp:postmeta>
		<wp:postmeta>
			<wp:meta_key>trav_gallery_imgs</wp:meta_key>
			<wp:meta_value><![CDATA[334]]></wp:meta_value>
		</wp:postmeta>
		<wp:postmeta>
			<wp:meta_key>trav_gallery_imgs</wp:meta_key>
			<wp:meta_value><![CDATA[333]]></wp:meta_value>
		</wp:postmeta>
		<wp:postmeta>
			<wp:meta_key>trav_gallery_imgs</wp:meta_key>
			<wp:meta_value><![CDATA[332]]></wp:meta_value>
		</wp:postmeta>
		<wp:postmeta>
			<wp:meta_key>trav_gallery_imgs</wp:meta_key>
			<wp:meta_value><![CDATA[331]]></wp:meta_value>
		</wp:postmeta>
		<wp:postmeta>
			<wp:meta_key>trav_gallery_imgs</wp:meta_key>
			<wp:meta_value><![CDATA[330]]></wp:meta_value>
		</wp:postmeta>
		<wp:postmeta>
			<wp:meta_key>trav_post_direction_nav</wp:meta_key>
			<wp:meta_value><![CDATA[1]]></wp:meta_value>
		</wp:postmeta>
		<wp:postmeta>
			<wp:meta_key>sbg_selected_sidebar</wp:meta_key>
			<wp:meta_value><![CDATA[a:1:{i:0;s:1:"0";}]]></wp:meta_value>
		</wp:postmeta>
		<wp:postmeta>
			<wp:meta_key>sbg_selected_sidebar_replacement</wp:meta_key>
			<wp:meta_value><![CDATA[a:1:{i:0;s:1:"0";}]]></wp:meta_value>
		</wp:postmeta>
	</item>
	<item>
		<title> Amazing Places</title>
		<link>http://www.soaptheme.net/wordpress/travelo/amazing-places/</link>
		<pubDate>Tue, 11 Nov 2014 16:01:59 +0000</pubDate>
		<dc:creator><![CDATA[admin]]></dc:creator>
		<guid isPermaLink="false">http://www.soaptheme.net/wordpress/travelo/?p=342</guid>
		<description></description>
		<content:encoded><![CDATA[Purus ac congue arcu cursus ut vitae pulvinar massaidp.
Lorem ipsum dolor sit amet, consectetur adipisicing elit, sed do eiusmod tempor incididunt ut labore et dolore magna aliqua. Ut enim ad minim veniam, quis nostrud exercitation ullamco laboris nisi ut aliquip ex ea commodo consequat. Duis aute irure dolor in reprehenderit in voluptate velit esse cillum dolore eu fugiat nulla pariatur. Excepteur sint occaecat cupidatat non proident, sunt in culpa qui officia deserunt mollit anim id est laborum.]]></content:encoded>
		<excerpt:encoded><![CDATA[]]></excerpt:encoded>
		<wp:post_id>342</wp:post_id>
		<wp:post_date>2014-11-11 16:01:59</wp:post_date>
		<wp:post_date_gmt>2014-11-11 16:01:59</wp:post_date_gmt>
		<wp:comment_status>open</wp:comment_status>
		<wp:ping_status>open</wp:ping_status>
		<wp:post_name>amazing-places</wp:post_name>
		<wp:status>publish</wp:status>
		<wp:post_parent>0</wp:post_parent>
		<wp:menu_order>0</wp:menu_order>
		<wp:post_type>post</wp:post_type>
		<wp:post_password></wp:post_password>
		<wp:is_sticky>0</wp:is_sticky>
		<category domain="category" nicename="uncategorized"><![CDATA[Uncategorized]]></category>
		<wp:postmeta>
			<wp:meta_key>_edit_last</wp:meta_key>
			<wp:meta_value><![CDATA[1]]></wp:meta_value>
		</wp:postmeta>
		<wp:postmeta>
			<wp:meta_key>_thumbnail_id</wp:meta_key>
			<wp:meta_value><![CDATA[317]]></wp:meta_value>
		</wp:postmeta>
		<wp:postmeta>
			<wp:meta_key>slide_template</wp:meta_key>
			<wp:meta_value><![CDATA[default]]></wp:meta_value>
		</wp:postmeta>
		<wp:postmeta>
			<wp:meta_key>trav_ttd_video_width</wp:meta_key>
			<wp:meta_value><![CDATA[0]]></wp:meta_value>
		</wp:postmeta>
		<wp:postmeta>
			<wp:meta_key>trav_post_media_type</wp:meta_key>
			<wp:meta_value><![CDATA[sld]]></wp:meta_value>
		</wp:postmeta>
		<wp:postmeta>
			<wp:meta_key>trav_post_gallery_type</wp:meta_key>
			<wp:meta_value><![CDATA[sld_1]]></wp:meta_value>
		</wp:postmeta>
		<wp:postmeta>
			<wp:meta_key>trav_post_video_width</wp:meta_key>
			<wp:meta_value><![CDATA[0]]></wp:meta_value>
		</wp:postmeta>
		<wp:postmeta>
			<wp:meta_key>trav_count_post_views</wp:meta_key>
			<wp:meta_value><![CDATA[18300]]></wp:meta_value>
		</wp:postmeta>
		<wp:postmeta>
			<wp:meta_key>trav_gallery_imgs</wp:meta_key>
			<wp:meta_value><![CDATA[718]]></wp:meta_value>
		</wp:postmeta>
		<wp:postmeta>
			<wp:meta_key>trav_gallery_imgs</wp:meta_key>
			<wp:meta_value><![CDATA[719]]></wp:meta_value>
		</wp:postmeta>
		<wp:postmeta>
			<wp:meta_key>trav_gallery_imgs</wp:meta_key>
			<wp:meta_value><![CDATA[721]]></wp:meta_value>
		</wp:postmeta>
		<wp:postmeta>
			<wp:meta_key>trav_gallery_imgs</wp:meta_key>
			<wp:meta_value><![CDATA[728]]></wp:meta_value>
		</wp:postmeta>
		<wp:postmeta>
			<wp:meta_key>trav_gallery_imgs</wp:meta_key>
			<wp:meta_value><![CDATA[727]]></wp:meta_value>
		</wp:postmeta>
		<wp:postmeta>
			<wp:meta_key>trav_gallery_imgs</wp:meta_key>
			<wp:meta_value><![CDATA[724]]></wp:meta_value>
		</wp:postmeta>
		<wp:postmeta>
			<wp:meta_key>trav_gallery_imgs</wp:meta_key>
			<wp:meta_value><![CDATA[722]]></wp:meta_value>
		</wp:postmeta>
		<wp:postmeta>
			<wp:meta_key>sbg_selected_sidebar</wp:meta_key>
			<wp:meta_value><![CDATA[a:1:{i:0;s:1:"0";}]]></wp:meta_value>
		</wp:postmeta>
		<wp:postmeta>
			<wp:meta_key>sbg_selected_sidebar_replacement</wp:meta_key>
			<wp:meta_value><![CDATA[a:1:{i:0;s:1:"0";}]]></wp:meta_value>
		</wp:postmeta>
		<wp:postmeta>
			<wp:meta_key>trav_post_direction_nav</wp:meta_key>
			<wp:meta_value><![CDATA[1]]></wp:meta_value>
		</wp:postmeta>
		<wp:postmeta>
			<wp:meta_key>_vc_post_settings</wp:meta_key>
			<wp:meta_value><![CDATA[a:2:{s:7:"vc_grid";a:0:{}s:10:"vc_grid_id";a:0:{}}]]></wp:meta_value>
		</wp:postmeta>
		<wp:comment>
			<wp:comment_id>5</wp:comment_id>
			<wp:comment_author><![CDATA[admin]]></wp:comment_author>
			<wp:comment_author_email>soaptheme@gmail.com</wp:comment_author_email>
			<wp:comment_author_url></wp:comment_author_url>
			<wp:comment_author_IP>61.220.119.227</wp:comment_author_IP>
			<wp:comment_date>2014-11-28 19:15:30</wp:comment_date>
			<wp:comment_date_gmt>2014-11-28 19:15:30</wp:comment_date_gmt>
			<wp:comment_content><![CDATA[Lorem Ipsum is simply dummy text of the printing and typesetting industry. Lorem Ipsum has been the industry's stand dummy text ever since the 1500s.]]></wp:comment_content>
			<wp:comment_approved>1</wp:comment_approved>
			<wp:comment_type></wp:comment_type>
			<wp:comment_parent>0</wp:comment_parent>
			<wp:comment_user_id>1</wp:comment_user_id>
		</wp:comment>
		<wp:comment>
			<wp:comment_id>6</wp:comment_id>
			<wp:comment_author><![CDATA[admin]]></wp:comment_author>
			<wp:comment_author_email>soaptheme@gmail.com</wp:comment_author_email>
			<wp:comment_author_url></wp:comment_author_url>
			<wp:comment_author_IP>61.220.119.227</wp:comment_author_IP>
			<wp:comment_date>2014-11-28 19:15:46</wp:comment_date>
			<wp:comment_date_gmt>2014-11-28 19:15:46</wp:comment_date_gmt>
			<wp:comment_content><![CDATA[Lorem Ipsum is simply dummy text of the printing and typesetting industry. Lorem Ipsum has been the industry's stand dummy text ever since the 1500s.]]></wp:comment_content>
			<wp:comment_approved>1</wp:comment_approved>
			<wp:comment_type></wp:comment_type>
			<wp:comment_parent>0</wp:comment_parent>
			<wp:comment_user_id>1</wp:comment_user_id>
		</wp:comment>
	</item>
</channel>
</rss>
