[{"wp_inactive_widgets":["calendar-1"],"sidebar-main":["search-2","travelo-blog-posts-widget-2","categories-2","travelo-portfolio-widget-2","tweets-widget-2","tag_cloud-2"],"sidebar-footer-1":["text-2"],"sidebar-footer-2":["text-3"],"sidebar-footer-3":["travelo-blog-posts-widget-3"],"sidebar-footer-4":["newsletterwidget-2"],"travelo-sidebar-shopsidebar":["woocommerce_product_search-1","woocommerce_product_categories-1","woocommerce_price_filter-1","yith-woo-ajax-navigation-1","yith-woo-ajax-navigation-2","yith-woo-ajax-reset-navigation-1","woocommerce_top_rated_products-1","woocommerce_widget_cart-1"]},{"search":{"2":{"title":""},"_multiwidget":1},"travelo-blog-posts-widget":{"2":{"title":"Recent Posts","order":"DESC","orderby":"date","category":"","count":"3"},"3":{"title":"Recent Blog","order":"DESC","orderby":"date","category":"","count":"2"},"_multiwidget":1},"categories":{"2":{"title":"","count":0,"hierarchical":0,"dropdown":0},"_multiwidget":1},"travelo-portfolio-widget":{"2":{"title":"Latest Projects","order":"DESC","orderby":"date","category":"default","count":"6","columns":"3","image_size":""},"_multiwidget":1},"tweets-widget":{"2":{"title":"Twitter Feeds","consumer_key":"","consumer_secret":"","access_token":"","access_token_secret":"","twitter_id":"soaptheme","count":"3"},"_multiwidget":1},"tag_cloud":{"2":{"title":"Popular Tags","taxonomy":"post_tag"},"_multiwidget":1},"text":{"2":{"title":"About Travelo","text":"<p>Travelo is premium wordpress theme which has powerful user interface and was created using latest and modern web design technologies.<\/p>\r\n<p><i class=\"fa fa-map-marker\"><\/i>&nbsp;&nbsp;20 Street Name, Sydney, Australia<br \/>\r\n<i class=\"fa fa-phone-square\"><\/i>&nbsp;&nbsp;0800 2222 3333 - 0800 2222 3333<br \/>\r\n<i class=\"fa fa-envelope\"><\/i>&nbsp;&nbsp;soaptheme@gmail.com<\/p>\r\n\r\n","filter":false},"3":{"title":"Useful Links","text":"<ul class=\"list-caret\">\r\n<li><a href=\"#\">Our Clients<\/a><\/li>\r\n<li><a href=\"#\">Company Profile<\/a><\/li>\r\n<li><a href=\"#\">Mobile Application<\/a><\/li>\r\n<li><a href=\"#\">Wordpress Solutions<\/a><\/li>\r\n<li><a href=\"#\">Customer Support<\/a><\/li>\r\n<li><a href=\"#\">Free Resources<\/a><\/li>\r\n<\/ul>","filter":false},"_multiwidget":1},"newsletterwidget":{"2":{"title":"Newsletter","text":""},"_multiwidget":1},"woocommerce_product_search":{"1":{"title":""},"_multiwidget":1},"woocommerce_product_categories":{"1":{"title":"Product Categories","orderby":"name","dropdown":0,"count":0,"hierarchical":"1","show_children_only":0},"_multiwidget":1},"woocommerce_price_filter":{"1":{"title":"PRICES"},"_multiwidget":1},"yith-woo-ajax-navigation":{"1":{"title":"BY SIZE","attribute":"size","query_type":"and","type":"label","colors":[],"multicolor":[],"labels":{"36":"2XL","34":"L","33":"M","32":"S","35":"XL"},"display":"all"},"2":{"title":"BY COLOR","attribute":"color","query_type":"and","type":"list","colors":[],"multicolor":[],"labels":[],"display":"all"},"_multiwidget":1},"yith-woo-ajax-reset-navigation":{"1":{"title":"","label":"Reset All Filters"},"_multiwidget":1},"woocommerce_top_rated_products":{"1":{"title":"Top Rated Products","number":"3"},"_multiwidget":1},"woocommerce_widget_cart":{"1":{"title":"Cart","hide_if_empty":0},"_multiwidget":1},"calendar":{"1":{"title":""},"_multiwidget":1}}]